area_sqft,bedrooms,bathrooms,location,parking,house_age,price
2148,4,4,City Center,0,14,138.68
1703,5,5,Suburb,1,13,85.57
2253,2,2,Downtown,1,38,75.11
2866,5,4,City Center,0,4,177.31
1636,3,2,Downtown,1,25,74.87
1636,2,2,Suburb,0,16,59.17
2905,1,1,Rural,1,15,72.35
2337,1,1,Suburb,1,34,49.17
1471,3,2,Industrial Area,0,37,35.65
2180,3,3,City Center,1,22,104.48
1476,2,2,Suburb,0,12,60.85
1474,3,2,Rural,1,32,30.05
1969,2,2,Downtown,0,28,71.76
461,3,3,City Center,1,33,38.11
593,2,2,Suburb,1,33,35.85
1406,4,3,Rural,0,26,46.33
1091,4,3,Suburb,1,14,66.69
2020,3,2,Industrial Area,1,8,67.89
1164,2,2,City Center,0,25,52.56
811,2,2,Downtown,1,2,60.52
2826,4,3,Rural,1,35,63.68
1642,2,1,Suburb,1,4,71.77
1847,2,2,City Center,0,19,81.32
803,1,1,Suburb,0,19,22.67
1419,3,3,City Center,1,4,111.27
1878,3,3,Industrial Area,1,9,72.77
994,4,3,Suburb,1,15,55.25
2063,2,2,Industrial Area,0,24,51.73
1380,2,1,Rural,1,24,40.21
1596,4,4,Industrial Area,1,29,44.18
1379,4,4,City Center,0,13,94.16
3097,2,1,Rural,0,21,67.15
1791,3,2,Suburb,1,27,50.59
1060,2,2,Suburb,1,29,35.67
2376,5,5,City Center,1,18,153.11
945,2,1,Downtown,1,37,30.45
1946,5,5,Downtown,1,19,109.95
428,3,2,Suburb,0,34,8.17
870,3,2,City Center,1,21,57.89
1938,1,1,Downtown,1,14,77.25
2317,3,3,Industrial Area,1,10,78.39
1920,3,3,Suburb,0,33,55.79
1719,2,1,Industrial Area,1,23,40.17
1589,3,3,City Center,1,5,111.92
765,5,5,Industrial Area,0,16,40.39
1296,3,3,Downtown,1,27,54.93
1478,3,3,Downtown,1,30,70.52
2540,1,1,Rural,1,35,37.75
2041,3,3,Suburb,1,8,85.55
566,2,1,City Center,1,9,43.56
2027,3,2,Suburb,0,20,68.62
1530,5,4,Industrial Area,1,33,48.28
1326,3,3,City Center,1,30,66.14
2228,1,1,City Center,1,28,79.21
2522,2,1,Downtown,1,10,114.48
2452,3,3,Industrial Area,1,32,60.51
1213,3,2,Downtown,0,0,79.43
1584,4,3,Downtown,0,20,86.44
2032,4,4,Rural,0,22,60.53
2483,3,2,Downtown,0,8,127.4
1465,2,1,Suburb,1,0,75.19
1670,2,2,City Center,1,20,84.84
1026,2,2,Downtown,1,21,58.47
963,2,2,Suburb,0,3,48.39
2369,3,3,Industrial Area,1,0,100.94
2749,3,3,City Center,1,9,143.97
1750,3,3,Industrial Area,0,14,56.89
2502,1,1,Suburb,1,35,58.83
2053,2,2,Industrial Area,1,28,54.63
1348,2,2,Industrial Area,1,4,53.99
2053,2,1,Industrial Area,1,28,39.44
2877,4,4,Downtown,1,26,116.95
1775,1,1,Downtown,0,24,66.7
2895,3,3,Downtown,1,15,131.1
400,2,2,City Center,1,15,40.9
2375,4,4,Suburb,1,35,79.1
1861,3,2,Downtown,1,24,79.67
1591,2,2,Industrial Area,1,40,34.16
1864,3,2,Industrial Area,1,0,76.9
409,3,3,Industrial Area,0,4,31.92
1646,5,5,Industrial Area,1,40,47.92
2050,2,2,Rural,0,19,52.14
2835,4,3,City Center,0,4,160.96
1437,5,4,Suburb,1,35,51.33
1234,4,4,Suburb,1,28,44.56
1449,3,3,Downtown,1,33,60.57
2441,3,3,Rural,0,17,67.7
2030,3,3,Suburb,0,1,89.9
1429,4,4,City Center,0,15,87.46
2159,3,2,Industrial Area,0,28,50.35
1868,3,2,Downtown,0,32,76.73
2478,3,3,City Center,1,15,140.06
1309,3,3,Suburb,1,34,39.88
1571,4,3,Rural,1,16,49.9
1526,2,1,Downtown,1,3,85.02
776,4,4,Suburb,0,3,62.94
2007,3,3,Downtown,1,24,77.66
1983,4,4,Suburb,0,32,57.12
1804,3,3,Industrial Area,1,13,67.21
1636,2,2,Rural,1,23,43.68
809,4,4,Industrial Area,1,10,45.66
1506,2,1,Suburb,0,24,43.49
1560,4,4,City Center,1,27,88.09
1238,3,3,Industrial Area,0,6,49.42
1687,3,3,City Center,0,35,60.16
2083,2,1,Suburb,0,9,72.56
3120,3,2,Rural,1,35,58.83
1922,2,2,City Center,1,30,65.5
1980,1,1,Suburb,0,18,60.69
1748,2,1,City Center,1,17,92.93
457,1,1,Industrial Area,1,5,20.8
1781,5,5,Suburb,1,27,68.58
1842,5,5,Industrial Area,1,6,80.3
3524,2,2,Downtown,1,37,98.74
1665,3,3,Suburb,1,11,70.27
2011,2,1,City Center,1,40,75.8
1776,3,2,Downtown,1,33,67.07
982,4,4,Industrial Area,1,24,29.68
2600,5,4,Industrial Area,0,16,89.01
2326,3,3,City Center,0,32,99.88
2354,4,4,Downtown,0,22,107.71
1163,2,2,Rural,1,8,48.52
2782,5,4,City Center,0,5,178.23
819,1,1,Industrial Area,1,1,40.37
2211,3,3,Suburb,1,37,63.01
3333,3,2,Downtown,1,8,165.79
1107,3,2,Rural,1,2,48.69
1404,2,1,Suburb,1,15,43.03
1870,5,5,Downtown,1,24,91.83
1448,2,2,City Center,1,23,65.62
715,3,3,City Center,0,28,30.04
1848,2,2,Downtown,1,39,56.15
1056,2,1,Rural,1,25,36.94
2132,3,3,Downtown,1,37,63.23
1156,3,3,Suburb,1,34,44.46
2885,2,1,Suburb,1,22,87.66
1252,2,2,City Center,0,3,81.0
1575,3,3,Downtown,1,13,95.85
2369,4,3,City Center,0,38,84.57
938,4,3,Rural,0,6,51.46
1959,1,1,Suburb,1,7,71.12
2715,2,2,Industrial Area,1,18,77.47
675,2,2,Industrial Area,0,1,31.7
1929,1,1,Downtown,1,0,94.67
1982,3,3,Downtown,1,37,60.17
2347,3,3,Industrial Area,1,12,82.5
934,2,1,Downtown,1,23,53.91
876,2,2,Suburb,1,31,33.14
2165,1,1,Rural,0,29,43.13
2008,4,4,Rural,1,5,65.31
1975,5,5,City Center,0,37,86.3
2043,2,2,Suburb,1,32,42.74
1324,2,1,Downtown,1,22,51.81
1963,4,4,Downtown,1,9,125.8
2005,4,4,City Center,0,14,117.59
1300,3,2,City Center,0,22,68.09
3106,1,1,Downtown,1,35,90.93
2132,1,1,Downtown,1,0,113.77
966,3,3,Suburb,1,7,54.56
2260,2,2,City Center,0,2,129.59
1118,1,1,Suburb,1,13,42.37
2351,3,2,Downtown,0,16,94.14
2611,1,1,Industrial Area,0,33,47.37
1226,4,4,Industrial Area,1,5,65.28
2474,2,1,Downtown,1,4,121.29
2089,1,1,City Center,0,40,59.08
2375,3,2,Industrial Area,0,39,51.97
3128,2,2,City Center,1,28,120.58
1628,5,5,Industrial Area,0,34,49.85
1272,3,2,City Center,1,17,68.11
1177,2,2,Industrial Area,1,39,31.23
1229,3,3,City Center,0,29,53.82
1746,2,2,Suburb,0,14,61.77
2039,4,4,City Center,1,14,118.73
1994,2,1,Suburb,1,15,75.17
2379,3,2,Suburb,1,32,76.06
1809,1,1,Downtown,1,9,83.88
2817,3,3,Suburb,1,18,95.9
1615,4,4,Rural,1,36,45.57
3704,4,4,Suburb,1,2,160.77
2238,2,1,City Center,0,35,72.32
1200,2,1,Suburb,1,3,58.29
1050,4,3,City Center,1,10,98.77
2138,5,5,City Center,1,40,87.47
1644,1,1,Rural,1,32,28.57
2300,3,3,Suburb,1,27,76.53
2131,2,2,Suburb,1,31,70.83
1749,4,4,Industrial Area,0,15,64.51
1207,1,1,Industrial Area,0,8,27.27
740,2,2,Downtown,1,10,54.23
1487,4,4,City Center,0,5,106.24
2399,1,1,Rural,0,26,49.24
1950,3,2,Industrial Area,1,11,59.73
928,3,3,Suburb,1,21,36.07
1921,2,1,Downtown,1,39,56.48
2070,2,1,Rural,0,36,45.47
1181,3,3,Suburb,0,20,39.88
1908,2,1,Suburb,0,32,45.33
1841,3,3,City Center,1,16,95.95
1000,4,4,City Center,0,28,63.49
2050,4,3,Industrial Area,1,39,49.64
2193,2,1,Industrial Area,0,9,57.43
2558,2,2,Suburb,1,17,92.86
2538,2,2,Suburb,1,12,79.44
836,2,2,Industrial Area,0,26,35.31
1144,3,3,Industrial Area,1,9,59.71
2161,3,3,Suburb,1,31,65.57
2160,1,1,Rural,1,40,41.29
2161,1,1,Suburb,1,2,82.61
4497,2,1,Rural,1,21,87.04
2200,3,3,Rural,1,26,55.3
2595,2,2,Suburb,1,2,96.17
2468,3,3,Downtown,1,32,88.48
2256,2,1,Industrial Area,0,1,67.44
1579,4,4,City Center,1,10,118.75
2331,4,4,Suburb,1,9,104.92
1259,2,2,Rural,1,38,30.6
1634,2,1,Suburb,1,32,46.86
1460,3,3,Industrial Area,1,6,73.27
1857,2,1,Rural,1,14,57.0
3420,3,2,City Center,1,25,150.86
493,4,3,City Center,1,10,57.66
2280,3,2,City Center,1,37,78.03
671,4,4,Downtown,0,26,33.27
1470,2,2,Rural,0,38,24.94
2562,2,1,Rural,1,6,73.27
1845,3,3,Downtown,1,0,119.43
1046,2,2,Rural,0,9,31.4
1299,3,2,Downtown,0,20,67.07
2276,2,2,Suburb,1,14,85.1
1289,1,1,Industrial Area,1,29,28.7
1952,5,5,City Center,1,29,96.9
1832,2,2,Downtown,1,7,97.62
1344,5,4,Downtown,1,23,81.24
3301,5,5,Downtown,0,18,147.84
2244,4,4,Suburb,1,2,107.9
400,3,3,Downtown,1,14,36.76
1931,3,2,Industrial Area,1,35,49.12
1337,4,3,Industrial Area,1,5,67.44
2397,2,2,City Center,0,17,109.79
1245,3,2,Suburb,1,37,42.15
1720,3,3,Industrial Area,0,18,55.5
2153,3,2,Rural,1,29,58.41
2406,3,3,Rural,1,12,63.78
960,2,1,Rural,1,38,22.21
1566,3,3,Downtown,1,11,96.37
1468,4,4,Downtown,0,33,71.72
1343,2,2,Rural,1,11,48.49
3036,5,4,City Center,1,23,142.18
2083,3,3,City Center,0,3,118.99
917,4,3,Downtown,1,35,47.01
2443,3,3,Rural,1,13,73.52
3286,4,4,City Center,0,16,169.47
2523,1,1,Downtown,1,2,116.27
736,4,3,Rural,1,37,28.37
1461,1,1,Suburb,1,22,29.72
2687,4,3,Rural,1,12,76.36
1305,5,4,Rural,0,8,60.31
2111,2,1,Industrial Area,0,20,47.27
2342,2,2,Industrial Area,1,40,40.38
1151,4,3,Suburb,1,7,63.05
1758,2,1,Suburb,1,16,63.21
400,4,4,Rural,0,15,21.39
1083,2,1,City Center,1,15,63.34
1623,2,2,Suburb,0,27,44.92
927,5,5,Rural,0,15,51.01
2943,3,3,Downtown,1,13,135.73
799,4,4,Industrial Area,1,37,30.48
1492,2,2,City Center,0,19,73.66
1892,3,3,Rural,0,40,34.02
2809,3,2,Downtown,1,33,97.89
795,3,3,Industrial Area,1,28,37.5
2614,3,3,Downtown,1,2,143.51
1807,3,3,Rural,0,9,59.08
1113,3,3,Suburb,1,19,45.6
2123,2,1,Industrial Area,1,1,78.91
1939,4,4,Downtown,1,26,91.54
1380,2,1,Suburb,0,31,34.85
1849,3,3,City Center,1,9,117.94
1530,2,1,Rural,1,39,32.58
1879,3,3,Rural,0,16,60.79
2263,3,3,Industrial Area,1,32,57.78
2910,2,1,Downtown,1,5,145.07
934,1,1,City Center,1,38,46.4
3293,2,1,Industrial Area,0,17,77.88
434,3,2,Industrial Area,0,8,34.19
1694,4,4,Downtown,0,7,98.86
2212,1,1,City Center,1,24,84.67
1997,3,3,Downtown,0,30,74.58
1364,2,1,Rural,1,3,42.9
1654,3,2,Suburb,1,19,57.88
1455,4,4,Rural,1,27,43.75
1387,2,2,Rural,0,39,24.13
2395,3,3,Industrial Area,1,0,89.73
2050,1,1,Rural,1,39,28.65
1315,1,1,City Center,0,22,63.29
2430,2,2,Rural,1,12,59.74
2015,1,1,City Center,1,15,93.68
2369,3,3,Downtown,1,25,104.33
2241,3,3,Industrial Area,1,30,62.0
1220,3,2,City Center,0,0,89.21
1408,2,1,Rural,1,16,36.37
2323,2,2,Industrial Area,1,15,69.51
2227,3,3,Industrial Area,0,36,41.19
1785,5,5,City Center,1,9,131.58
1882,1,1,City Center,0,37,54.68
2694,4,3,Suburb,1,30,78.21
1386,3,3,Suburb,1,9,62.57
2183,3,2,Industrial Area,1,33,41.12
1658,3,2,Suburb,0,5,79.12
1648,1,1,Rural,1,27,41.46
2569,1,1,Downtown,0,27,87.12
2378,3,3,Industrial Area,1,12,82.08
2369,2,1,Downtown,1,40,69.93
2714,4,3,Suburb,1,11,104.16
1815,3,3,City Center,0,39,62.96
2277,2,1,Industrial Area,1,1,88.64
1583,3,3,Suburb,1,7,85.27
2027,2,1,Rural,1,8,58.1
1709,3,3,Industrial Area,1,7,67.78
1868,3,3,Industrial Area,1,2,81.06
2217,4,3,City Center,1,8,140.15
1227,4,4,Industrial Area,1,12,58.23
3265,3,3,City Center,0,8,171.83
1096,3,3,Suburb,1,30,36.42
950,5,5,Rural,0,24,36.44
2611,2,2,Rural,1,7,75.08
2354,1,1,Industrial Area,1,30,35.47
2237,2,2,Industrial Area,1,30,53.28
2240,2,2,Suburb,0,16,87.47
1791,3,2,City Center,1,18,93.63
1172,3,3,Rural,0,2,47.05
1853,3,3,City Center,1,29,79.84
1326,1,1,Suburb,0,9,40.2
2483,3,2,Rural,1,28,53.36
1697,2,1,Rural,0,39,32.95
1222,3,2,Downtown,0,17,61.57
1575,3,3,Suburb,0,11,64.2
2089,2,1,Suburb,1,22,67.77
1405,2,2,Downtown,1,10,78.37
1224,1,1,City Center,1,8,71.74
1971,4,4,Downtown,0,23,98.11
1971,4,3,Suburb,1,24,77.46
1445,3,2,City Center,1,24,84.52
1470,2,1,Rural,1,8,39.04
1962,3,3,Downtown,1,11,110.94
786,3,3,City Center,0,10,72.78
815,4,3,City Center,1,37,38.64
1297,2,1,City Center,1,27,59.2
1651,1,1,Downtown,0,7,71.35
2018,3,2,Rural,1,9,63.42
2833,2,1,City Center,1,24,121.86
2400,2,2,Downtown,0,35,63.5
1688,1,1,Suburb,1,8,64.61
1787,3,3,Downtown,1,40,59.49
1098,4,4,Downtown,1,7,93.8
1787,5,5,Downtown,1,2,133.87
1598,3,3,City Center,1,17,92.94
2026,3,2,Downtown,1,34,67.09
1221,1,1,Suburb,1,16,59.7
2164,3,2,City Center,0,35,78.89
2873,2,1,Suburb,1,27,68.8
1724,3,2,Industrial Area,1,14,54.79
2081,2,2,Downtown,1,18,94.12
2283,2,1,City Center,1,21,96.66
1519,1,1,City Center,1,5,82.52
1957,2,2,Downtown,0,6,103.16
1809,1,1,Rural,0,8,52.67
1868,2,2,Rural,0,19,42.75
1259,5,4,Suburb,1,36,54.61
1817,3,3,Downtown,1,10,97.48
2149,3,2,Downtown,1,1,134.56
2816,4,4,Industrial Area,1,21,87.45
2471,5,5,Rural,1,35,58.15
3307,3,2,Rural,1,4,96.95
1263,4,3,Downtown,1,6,87.07
2411,2,2,Suburb,1,5,81.93
1928,2,2,Downtown,1,21,80.73
3333,3,3,Suburb,1,9,125.59
1234,3,3,Rural,1,39,18.52
1212,3,2,Industrial Area,1,19,48.91
1380,2,1,City Center,0,27,55.98
400,2,2,Rural,0,22,23.66
1432,3,2,Suburb,1,34,39.61
1269,2,2,Downtown,1,0,89.24
1905,3,3,Rural,0,28,41.64
2039,3,3,Industrial Area,0,8,71.09
3113,3,2,Suburb,0,8,114.36
2465,4,4,Downtown,1,21,114.75
1396,4,4,City Center,0,1,112.49
1171,3,3,Suburb,0,15,40.09
2144,3,3,Downtown,0,39,66.81
876,3,2,City Center,0,5,66.54
3082,2,2,Downtown,1,12,125.16
2626,1,1,City Center,0,32,88.43
1472,2,1,City Center,1,18,69.92
601,3,2,City Center,1,14,60.23
2748,3,2,Downtown,1,32,94.02
1720,4,4,City Center,0,9,110.34
2666,2,2,Suburb,0,0,111.36
684,2,2,Industrial Area,0,11,38.79
1380,5,5,Industrial Area,0,28,49.03
1804,2,1,City Center,1,16,98.82
1833,3,3,Industrial Area,0,3,69.35
1485,3,3,Industrial Area,0,28,47.62
2236,3,3,City Center,1,6,135.68
1053,1,1,City Center,1,12,70.27
1700,1,1,Suburb,0,4,68.34
1884,2,2,Rural,0,5,59.44
2160,3,3,Downtown,0,33,59.5
2298,3,3,City Center,1,6,143.34
1013,2,2,City Center,1,27,45.74
726,3,3,Industrial Area,1,9,42.85
2694,4,3,Suburb,1,3,127.32
2033,1,1,Industrial Area,1,2,72.26
1276,3,2,City Center,0,24,69.59
2886,3,2,City Center,1,22,126.77
1881,2,1,Industrial Area,1,26,38.65
2626,2,1,City Center,1,13,123.28
1847,3,3,Rural,1,37,36.54
3243,4,4,Downtown,1,31,117.57
3029,4,4,Downtown,1,22,138.7
1626,3,2,Downtown,0,39,57.5
2480,3,2,Rural,1,36,60.51
2252,2,1,City Center,0,2,117.06
2758,3,3,Industrial Area,1,34,68.66
1125,3,2,Suburb,0,12,55.14
2280,2,2,City Center,1,33,83.52
2541,3,3,Rural,1,23,57.26
569,3,3,Rural,1,0,32.87
972,2,2,Downtown,1,11,55.9
400,4,4,City Center,1,7,75.94
1611,1,1,Downtown,1,18,72.76
2302,2,2,Suburb,0,8,89.35
2852,1,1,Downtown,1,27,95.22
1852,4,3,Suburb,0,13,75.07
2940,3,2,Rural,0,26,64.54
834,2,2,Downtown,0,17,45.41
608,3,2,Downtown,1,40,32.06
1761,2,1,Industrial Area,1,5,64.26
2069,4,4,Rural,0,32,41.02
1777,3,3,Industrial Area,1,36,44.73
400,3,3,Suburb,1,24,29.46
1738,5,5,Suburb,1,12,83.9
887,2,1,Rural,1,22,30.57
2269,2,1,Suburb,0,35,62.3
2057,3,3,Rural,1,32,53.66
1142,5,4,Suburb,0,20,55.0
1440,2,1,City Center,1,33,61.14
1059,1,1,Downtown,1,35,41.38
1756,2,2,City Center,1,16,93.06
2469,3,2,Rural,0,9,70.15
1110,2,2,Rural,0,22,31.81
2153,3,3,City Center,0,1,150.52
1429,5,5,Downtown,1,34,72.06
1245,3,3,Downtown,0,13,63.43
1725,2,1,Industrial Area,1,40,29.46
1075,3,3,Suburb,0,1,58.0
1412,2,2,Industrial Area,1,18,38.51
961,4,4,Downtown,0,15,66.46
3175,3,2,City Center,0,24,142.69
1825,2,2,Suburb,1,0,79.25
1310,3,2,City Center,1,1,91.91
1950,3,3,Industrial Area,1,26,54.42
1721,3,3,Rural,0,1,60.69
1645,1,1,City Center,1,29,57.77
2230,4,4,Industrial Area,1,9,77.96
2330,5,5,Industrial Area,0,18,87.21
1429,3,3,Industrial Area,1,15,57.05
1397,5,4,Rural,1,12,54.77
1607,2,1,Rural,0,7,39.54
400,3,3,Rural,1,30,17.53
739,3,3,Suburb,1,24,30.88
2757,3,2,Rural,0,38,43.92
2951,3,3,Rural,1,20,86.54
1626,2,2,Rural,0,37,31.25
2204,2,1,City Center,1,40,68.5
2018,2,1,Rural,1,28,47.41
3955,2,2,Suburb,0,5,134.14
2584,3,3,Industrial Area,0,17,72.92
1710,2,2,City Center,0,34,50.79
1131,1,1,Downtown,1,26,52.87
675,3,3,Rural,1,4,36.18
1942,3,3,Industrial Area,0,6,65.78
1271,4,4,Industrial Area,0,9,60.63
804,3,3,City Center,0,9,58.24
1347,2,1,Downtown,0,27,44.37
1043,4,3,Suburb,1,35,37.54
2981,3,2,Industrial Area,1,9,89.06
2417,1,1,Industrial Area,1,34,43.95
1794,3,3,Industrial Area,1,34,44.05
2836,4,4,Industrial Area,1,36,63.64
1854,2,2,City Center,1,19,83.91
1197,2,1,Downtown,1,12,62.44
2866,2,2,Industrial Area,1,10,91.96
2177,2,2,Suburb,0,18,74.18
1074,3,3,Suburb,0,27,37.38
1667,3,2,Rural,0,37,31.27
1187,1,1,Industrial Area,1,3,42.31
832,5,5,Industrial Area,1,36,26.99
2448,4,4,Industrial Area,1,18,76.73
3137,3,2,Industrial Area,1,36,68.62
821,4,4,Industrial Area,1,13,51.41
2194,1,1,Suburb,0,30,54.69
1345,3,2,Downtown,0,27,41.11
1459,3,3,Downtown,0,35,49.49
1385,4,3,Rural,0,37,34.53
1195,4,4,Suburb,1,18,70.57
1834,2,1,Industrial Area,1,0,68.03
1218,5,5,Downtown,1,22,81.53
1989,2,2,City Center,1,27,84.14
1765,4,4,City Center,1,3,124.44
1633,5,5,City Center,1,40,80.29
1165,2,1,Industrial Area,1,17,29.76
1396,3,3,Industrial Area,1,38,35.21
2329,1,1,Rural,1,24,50.11
2151,3,3,Rural,1,17,61.64
1116,3,2,Rural,1,5,37.49
1870,3,3,City Center,0,18,92.58
2326,5,5,Industrial Area,1,11,95.48
631,3,3,City Center,1,24,51.37
2180,3,2,Rural,0,34,38.06
1336,4,4,Industrial Area,1,0,63.55
2199,5,5,Suburb,0,4,112.64
1266,1,1,Downtown,0,0,65.02
537,5,4,Downtown,0,7,57.13
661,1,1,Rural,1,38,13.67
1834,4,4,City Center,1,17,107.03
1982,2,2,Suburb,1,8,80.99
1167,2,1,Industrial Area,1,4,54.08
2247,3,2,City Center,0,3,125.69
637,3,3,Rural,0,28,23.72
1754,2,2,City Center,0,0,107.53
952,1,1,Rural,1,29,9.54
1344,3,3,Downtown,1,0,100.18
1833,4,4,Downtown,0,2,129.41
1198,2,1,City Center,0,21,57.31
1531,2,2,Suburb,0,7,69.71
2504,3,2,Industrial Area,1,17,67.43
1396,1,1,Rural,0,24,25.4
2385,4,3,Industrial Area,0,19,72.21
1009,4,4,Downtown,1,30,53.01
2171,3,3,Suburb,1,29,66.62
2809,2,2,Suburb,1,15,100.63
400,4,4,Industrial Area,1,1,37.21
1242,3,3,Downtown,1,16,79.63
2204,4,3,Industrial Area,1,9,70.77
1658,3,2,City Center,1,6,104.55
2060,4,4,Suburb,0,8,89.87
1377,3,3,Suburb,1,16,55.15
1861,3,3,City Center,1,8,114.71
1691,5,5,Downtown,0,8,120.18
2617,3,3,Suburb,1,36,73.79
1978,3,2,Rural,0,23,52.28
2036,2,1,Rural,1,38,42.39
1512,3,2,Downtown,1,10,82.86
1459,3,3,City Center,0,7,87.73
1497,2,1,Industrial Area,1,24,36.74
2076,1,1,Downtown,1,1,101.33
1505,3,3,Industrial Area,1,9,57.08
2003,4,4,Downtown,1,23,100.03
3253,3,2,Rural,0,15,83.02
2410,2,2,City Center,1,18,113.16
1572,3,3,Rural,1,30,39.15
2641,1,1,City Center,0,10,128.03
1514,3,3,Industrial Area,1,5,56.5
400,2,2,Downtown,1,5,46.36
1094,2,1,Suburb,1,31,21.63
490,2,1,Suburb,0,38,12.59
1554,2,1,City Center,1,12,94.74
1813,1,1,City Center,1,2,105.04
2974,2,1,Rural,1,40,46.55
2029,3,3,Suburb,0,34,59.84
1647,3,3,Rural,1,37,39.25
2381,2,2,Industrial Area,1,16,73.28
400,4,4,Suburb,0,2,42.65
1965,2,2,Industrial Area,1,33,50.81
2340,3,3,Downtown,1,11,116.11
765,1,1,Rural,0,23,14.38
2601,1,1,City Center,0,5,139.18
2037,3,2,Suburb,1,10,79.87
1509,3,3,Rural,1,26,29.52
2243,4,3,City Center,0,23,113.65
3389,3,3,Downtown,0,17,148.88
1927,5,5,Suburb,1,26,73.83
1974,1,1,Industrial Area,1,40,24.89
1478,1,1,Downtown,0,20,55.89
1205,1,1,City Center,1,33,58.69
2381,2,1,Suburb,0,32,58.26
1201,3,3,Suburb,1,17,59.72
1850,3,2,Downtown,1,2,115.24
1466,1,1,Suburb,1,23,50.99
2135,5,5,City Center,0,0,169.91
2034,4,4,Downtown,1,5,133.49
2526,2,2,Industrial Area,1,18,70.66
1443,1,1,Downtown,1,21,52.56
1611,2,1,Downtown,1,7,87.35
1115,2,2,Industrial Area,0,4,42.26
1489,2,2,City Center,1,8,96.03
2064,3,2,Rural,1,20,49.88
2330,2,2,Rural,1,27,49.33
1154,2,2,Industrial Area,1,3,49.46
2409,5,5,City Center,1,23,124.24
2749,3,3,Suburb,0,7,106.49
2089,5,4,Industrial Area,1,16,82.06
3114,2,1,Rural,1,33,67.83
1258,2,2,City Center,1,19,65.36
929,3,3,Downtown,1,15,68.79
555,1,1,City Center,1,9,28.62
2847,1,1,City Center,0,33,89.29
2258,3,3,Rural,0,9,68.04
1761,3,2,Rural,0,29,44.45
1996,3,3,Suburb,1,29,59.44
1012,3,3,Suburb,0,24,42.5
3512,3,3,Industrial Area,0,40,73.42
1890,1,1,Downtown,1,6,84.67
1877,2,2,Suburb,1,19,53.15
2308,2,1,Rural,1,16,65.21
2137,1,1,City Center,1,2,112.43
1957,5,4,Industrial Area,1,39,53.29
1247,3,3,Suburb,0,35,49.7
2130,3,3,City Center,1,25,105.46
3117,2,2,City Center,1,9,154.39
2742,2,2,Suburb,1,33,59.56
2915,2,2,Downtown,1,13,124.4
1442,1,1,Downtown,1,7,73.56
1107,2,1,Industrial Area,1,26,30.96
1712,4,3,Downtown,0,9,106.66
1839,3,3,Industrial Area,1,14,68.66
2566,3,3,Rural,0,36,43.15
615,3,3,Suburb,1,21,42.13
2871,4,4,City Center,1,30,130.84
1689,1,1,Industrial Area,1,1,57.28
1501,2,1,Downtown,1,30,59.07
1092,2,2,Industrial Area,1,13,36.49
642,4,4,Industrial Area,0,9,39.73
2376,5,5,Downtown,0,29,94.58
1851,2,2,Downtown,1,35,69.47
897,4,3,Suburb,1,39,32.05
893,4,4,City Center,1,14,81.98
1565,2,2,Suburb,1,13,65.92
2968,2,1,Suburb,0,30,90.54
1618,3,3,Downtown,0,28,64.99
748,5,4,Downtown,0,26,49.61
1628,2,2,City Center,1,20,81.76
1609,4,4,Industrial Area,0,8,61.2
400,2,1,Suburb,0,19,17.18
1762,3,3,City Center,1,34,78.85
1638,3,3,Suburb,1,14,65.78
2287,3,3,Industrial Area,1,23,68.98
3094,4,4,Suburb,1,15,118.96
2589,4,3,Rural,1,35,54.79
1612,4,3,City Center,1,10,114.35
1025,1,1,Downtown,1,7,54.25
3601,3,2,Suburb,1,2,131.18
1841,2,2,City Center,0,18,87.28
1810,3,3,City Center,0,40,66.82
1783,3,3,Suburb,0,2,79.31
1939,3,3,Downtown,1,35,74.0
1699,3,3,Downtown,0,24,78.47
1398,5,4,Suburb,1,35,52.61
1417,2,2,City Center,0,10,80.25
1777,3,3,Downtown,1,15,100.7
1420,2,2,Suburb,1,16,49.08
1301,2,1,Suburb,1,23,42.58
1875,2,1,Suburb,1,16,71.31
1622,5,4,City Center,0,19,103.27
2853,4,4,Downtown,1,21,126.12
400,4,3,City Center,0,5,58.46
2564,5,5,Rural,1,6,89.18
2672,2,1,Downtown,1,13,117.76
400,2,2,City Center,0,10,40.82
1560,3,3,Downtown,1,11,98.47
1540,3,3,Rural,1,4,62.44
815,3,2,Industrial Area,1,4,51.52
1256,2,2,Suburb,1,19,40.14
1023,3,2,City Center,1,14,58.15
3027,3,3,Rural,1,25,56.55
2455,2,2,Rural,1,32,55.27
2690,3,3,Downtown,1,29,103.6
2305,3,3,Downtown,0,23,89.77
1010,3,3,Suburb,1,22,43.92
1433,2,2,Downtown,1,8,82.39
2143,3,2,City Center,0,2,124.6
945,1,1,City Center,0,35,27.93
2299,2,1,City Center,0,6,115.18
1632,4,4,Industrial Area,1,21,54.28
1538,3,2,City Center,1,13,93.59
2298,2,2,Downtown,1,28,93.82
2111,3,3,Downtown,1,15,99.18
1547,3,3,City Center,0,33,64.8
2612,4,4,Rural,0,9,83.82
1043,3,2,Rural,1,6,46.18
2231,3,3,Rural,1,24,53.29
2215,3,3,Suburb,0,26,71.17
1583,2,1,Industrial Area,1,14,53.18
2028,2,2,City Center,1,31,77.26
924,3,2,Suburb,1,27,30.26
2447,3,3,Rural,1,8,69.66
1671,3,2,City Center,1,6,113.01
1434,2,2,Suburb,0,15,60.99
2534,1,1,Downtown,0,25,83.72
1307,3,3,Rural,1,34,41.24
814,2,1,Suburb,1,16,36.21
710,3,3,Downtown,1,22,43.03
2224,1,1,Rural,0,7,56.39
904,3,2,Industrial Area,1,1,56.46
3028,5,4,Rural,0,30,63.65
400,2,1,Industrial Area,0,31,13.2
2988,3,2,Industrial Area,0,28,75.91
1948,1,1,Industrial Area,1,2,72.44
1732,3,3,City Center,0,7,108.9
1419,3,2,City Center,0,1,99.4
2079,3,2,Industrial Area,1,30,58.81
1774,3,3,Downtown,1,36,66.47
2572,4,4,Industrial Area,1,19,89.19
1880,2,1,Suburb,1,28,57.83
1905,1,1,Industrial Area,1,16,52.53
1545,4,4,City Center,0,9,108.9
1760,3,3,City Center,0,40,62.71
2015,4,4,Suburb,1,21,72.34
603,3,2,Suburb,0,5,31.44
856,4,4,Rural,1,33,28.91
2320,3,2,Downtown,1,30,87.19
1920,3,3,Downtown,1,11,115.03
1671,4,4,Downtown,1,11,106.17
1813,3,2,City Center,1,15,102.64
2043,2,2,Downtown,0,24,76.66
1422,2,2,Rural,1,21,37.05
1255,2,2,Rural,0,26,31.14
1937,2,2,Downtown,1,23,78.48
1115,2,2,Suburb,1,11,48.8
2086,3,2,Rural,0,17,59.85
608,3,2,Suburb,1,15,32.4
2520,3,2,City Center,0,3,143.3
2131,3,3,Rural,0,11,58.85
1979,1,1,Suburb,1,32,49.75
2488,1,1,Downtown,0,21,93.09
2966,2,2,City Center,0,17,133.33
2510,3,3,Industrial Area,1,32,58.45
511,2,2,Industrial Area,1,26,28.15
904,2,1,Downtown,0,18,48.61
1363,3,3,City Center,1,13,90.27
1818,4,4,City Center,1,24,109.07
2162,1,1,City Center,0,33,71.99
1292,3,3,City Center,0,23,71.69
1931,3,2,Industrial Area,1,37,35.96
1271,4,3,Suburb,1,22,46.06
1372,5,4,City Center,1,4,119.48
815,1,1,Suburb,0,35,26.43
1154,2,1,City Center,1,23,60.54
854,4,4,Rural,1,35,34.63
1117,3,2,Rural,0,4,39.59
2538,3,3,Rural,0,38,46.13
1135,3,3,City Center,1,5,90.09
3643,3,3,Suburb,1,35,76.93
2145,5,5,Industrial Area,1,3,107.16
1929,5,4,Downtown,1,9,129.08
1199,3,2,Industrial Area,1,0,62.15
2290,2,1,City Center,1,20,110.63
1397,4,4,Rural,0,39,30.07
1885,1,1,Rural,0,38,34.62
3592,2,2,Suburb,1,36,77.67
1733,4,3,City Center,1,2,128.92
2604,2,1,Industrial Area,1,30,47.34
1308,2,2,City Center,1,26,62.94
1776,2,1,City Center,1,16,80.3
3040,4,4,Rural,0,22,67.42
1361,3,3,Industrial Area,1,12,54.42
3069,3,3,Downtown,1,26,112.51
2295,2,2,Rural,0,19,56.65
1406,4,3,Industrial Area,0,12,65.51
2243,4,4,Suburb,1,23,77.44
2481,2,2,Rural,1,40,42.14
2235,3,3,Suburb,0,2,100.34
701,2,1,Rural,0,9,20.55
1291,5,4,City Center,1,0,116.93
1627,3,2,Industrial Area,1,12,56.32
1748,5,4,Suburb,1,13,89.86
2234,2,2,Rural,1,32,34.48
1924,4,4,Suburb,1,1,95.09
865,4,4,Rural,0,1,54.78
2066,3,3,Rural,1,38,22.59
2227,5,4,Downtown,0,40,77.77
2192,2,2,Downtown,1,30,87.06
2557,2,1,Downtown,0,3,133.56
2384,3,3,Suburb,1,33,70.62
2121,3,3,City Center,0,18,113.31
1751,3,3,Rural,1,36,32.27
637,2,1,Industrial Area,0,8,21.15
2101,3,2,Downtown,0,23,95.06
1945,2,1,Suburb,0,12,65.14
1990,3,3,Suburb,1,29,51.16
906,3,2,Suburb,1,18,46.55
1043,3,3,Industrial Area,1,40,28.99
2537,2,2,Industrial Area,1,9,81.72
1772,3,2,Downtown,1,13,78.24
2277,2,2,Industrial Area,1,39,30.08
1820,2,1,Downtown,1,19,80.23
1821,4,4,Industrial Area,1,3,79.1
2457,4,4,Industrial Area,0,37,51.61
1439,2,1,Industrial Area,1,38,33.55
1867,4,4,Downtown,0,4,110.67
1476,4,3,Rural,1,31,38.21
1496,4,4,Downtown,0,5,96.13
1584,2,1,Rural,1,13,51.02
1955,5,5,Suburb,0,5,87.49
1465,2,2,Suburb,1,13,55.38
2679,2,2,Downtown,1,11,130.43
1174,1,1,Rural,0,26,19.78
1669,3,2,Rural,0,25,41.55
1492,2,2,Rural,1,11,57.06
2813,2,2,Suburb,1,7,106.76
1938,2,2,Downtown,1,9,111.61
2522,4,4,City Center,0,15,144.57
760,4,3,Rural,1,25,27.63
1987,2,1,Rural,1,7,51.47
2423,4,4,City Center,0,40,85.09
1858,4,3,Downtown,0,28,79.78
2546,4,4,Rural,1,19,74.01
1438,2,2,Downtown,1,16,76.0
2787,3,2,Rural,0,18,62.61
3409,5,5,Industrial Area,1,16,105.57
1546,3,2,Rural,0,38,33.7
1488,2,1,Industrial Area,1,0,70.1
2817,3,3,Downtown,1,28,98.87
2906,3,2,Rural,0,13,75.52
1434,3,2,Suburb,1,16,57.56
1506,2,2,Suburb,1,12,62.16
1603,2,1,City Center,1,28,60.84
859,4,4,Suburb,0,33,36.99
1157,4,3,Industrial Area,0,26,46.97
1097,2,1,Suburb,1,32,23.96
1263,5,5,Suburb,0,28,60.3
1776,2,2,Suburb,1,36,38.65
1964,3,2,Rural,0,38,37.78
2885,4,4,City Center,1,18,152.66
1101,4,4,Downtown,0,23,66.01
2489,5,5,City Center,1,13,152.64
1650,2,2,Industrial Area,1,36,41.19
1765,4,4,Rural,0,4,58.32
2272,2,2,Rural,1,23,59.18
1014,3,3,Suburb,1,33,35.23
2068,3,2,Suburb,0,30,59.51
1917,3,3,Industrial Area,1,29,50.03
2145,2,2,Rural,1,8,73.3
2002,4,4,Downtown,0,26,90.0
3519,2,2,City Center,0,27,133.31
1354,1,1,Rural,1,25,35.99
1428,3,3,Downtown,1,17,77.21
1364,3,3,Downtown,1,35,57.44
1411,4,3,City Center,0,7,100.13
1354,2,1,Downtown,1,17,68.7
2632,2,1,Industrial Area,0,19,64.18
2794,4,3,Downtown,1,31,98.69
1400,3,2,Industrial Area,0,28,45.52
1217,2,2,Downtown,1,17,68.06
2130,3,2,Suburb,1,6,85.25
1413,3,3,Downtown,1,0,109.58
2243,3,2,Industrial Area,1,27,55.15
1942,3,2,Downtown,1,32,72.76
739,4,4,Downtown,1,3,83.34
2883,4,4,Downtown,1,19,139.58
3057,3,3,Industrial Area,0,35,58.58
1371,2,1,Downtown,1,30,55.7
1529,4,3,City Center,1,37,65.63
2000,3,2,City Center,0,27,87.19
2034,3,3,Industrial Area,0,2,76.18
2261,2,1,Suburb,0,5,80.84
3207,4,4,City Center,0,22,140.64
1676,3,2,Rural,1,6,65.12
1241,2,2,City Center,1,35,47.49
834,3,3,Rural,1,0,52.16
1288,4,4,Industrial Area,0,5,58.49
1777,1,1,Suburb,1,23,55.64
3056,5,4,Rural,1,36,71.62
1438,3,3,Rural,1,35,31.53
1957,3,3,City Center,0,23,95.28
1789,2,1,Rural,1,37,35.99
2632,2,2,Industrial Area,1,28,58.28
3569,5,4,Industrial Area,1,36,79.91
1428,2,2,Industrial Area,1,31,41.6
1457,4,4,City Center,0,24,92.04
2531,2,1,Suburb,1,9,89.29
2277,2,1,City Center,1,34,81.87
3093,1,1,Industrial Area,1,24,70.67
2209,3,3,City Center,1,26,102.49
1548,5,4,Industrial Area,1,31,46.77
2213,2,2,Downtown,1,11,105.4
2576,2,1,Downtown,0,3,132.0
2374,2,2,Rural,0,25,51.71
2155,3,3,Suburb,1,2,99.31
2547,3,2,Downtown,1,16,110.51
2619,4,3,Industrial Area,1,8,100.77
2768,3,3,City Center,1,28,120.69
2254,3,2,City Center,0,0,138.21
1683,2,2,Rural,1,17,58.44
1903,5,5,City Center,1,40,82.11
2645,2,1,Downtown,0,19,94.46
1228,1,1,City Center,1,40,42.16
2058,3,2,Downtown,1,33,68.59
1525,3,3,Downtown,1,27,71.08
1820,3,3,Suburb,1,34,53.74
2695,3,3,Rural,0,15,78.25
1934,4,4,Industrial Area,1,20,63.54
1833,2,1,Downtown,1,12,89.42
848,4,4,Rural,1,34,30.54
2322,3,2,Industrial Area,1,31,60.84
2252,3,3,City Center,0,37,72.08
3314,3,3,Rural,1,5,95.04
1585,2,2,Rural,0,37,25.76
1953,4,4,Rural,0,37,34.64
1975,3,3,City Center,1,12,120.13
2904,2,1,City Center,1,38,94.42
1733,3,3,Rural,0,12,59.94
1995,5,4,Suburb,1,11,93.31
2226,3,3,Downtown,1,32,79.33
1931,4,3,City Center,0,27,84.35
1487,2,2,Suburb,1,2,77.08
1936,1,1,City Center,0,17,81.59
2552,2,2,Rural,1,25,52.58
1081,3,2,Suburb,1,39,38.63
1893,2,1,Industrial Area,1,1,66.95
1310,1,1,Downtown,1,3,64.42
2637,4,4,Downtown,0,27,99.18
734,4,4,City Center,1,27,59.85
1409,3,2,Downtown,1,24,60.45
2064,2,2,Industrial Area,1,25,53.7
2896,2,2,Suburb,1,1,111.7
1754,1,1,Suburb,1,33,37.85
1411,3,3,Rural,1,29,34.97
3117,4,3,Suburb,0,20,102.1
786,3,3,City Center,1,36,46.78
400,2,1,Industrial Area,1,22,25.29
2108,3,2,Rural,1,32,40.62
1449,2,2,City Center,1,1,106.71
1085,2,1,City Center,0,26,64.54
2296,3,3,City Center,1,21,110.77
1971,3,2,Downtown,1,33,60.8
1405,2,2,City Center,1,15,69.45
904,1,1,Downtown,1,19,40.2
2411,5,5,Suburb,0,25,80.1
2255,2,2,Downtown,0,15,96.52
1731,1,1,City Center,1,5,98.78
3093,2,2,Industrial Area,1,22,71.09
1051,1,1,Industrial Area,1,36,22.55
732,2,2,Suburb,1,7,38.73
1316,4,3,City Center,0,5,109.66
1768,2,2,Downtown,1,36,50.43
1970,3,2,Industrial Area,1,21,54.38
1631,3,3,Rural,1,5,60.13
2046,3,3,City Center,0,31,78.36
924,4,4,City Center,0,16,79.0
2811,4,3,Rural,1,37,48.13
1742,1,1,Industrial Area,0,16,40.5
2582,4,3,Rural,1,36,59.4
2040,3,2,Suburb,1,22,62.24
2120,5,5,Downtown,1,12,132.52
2199,3,2,Downtown,0,31,73.47
2113,5,5,Industrial Area,0,21,67.05
2250,4,4,Rural,1,6,76.39
2730,2,1,City Center,0,21,104.76
1938,3,2,City Center,1,20,104.07
2296,5,4,City Center,0,5,153.06
1737,4,4,Suburb,1,13,85.62
2808,1,1,Suburb,1,15,95.19
1327,3,3,City Center,0,2,98.35
3061,2,1,Industrial Area,0,8,80.74
1772,1,1,Suburb,1,20,49.41
798,3,2,Suburb,1,29,39.36
1890,2,2,Downtown,0,29,66.77
1323,4,4,Downtown,1,31,69.47
2388,2,2,Industrial Area,0,22,60.02
1343,4,4,Suburb,0,2,72.21
1488,1,1,Suburb,1,0,67.03
477,2,1,Rural,1,2,14.83
1483,2,1,Industrial Area,1,36,31.03
400,2,2,Industrial Area,0,6,23.62
691,1,1,Rural,0,2,24.37
2332,2,2,Rural,1,35,36.14
2350,3,2,Downtown,0,2,117.26
2098,2,2,Industrial Area,1,3,73.24
1123,3,2,Industrial Area,0,30,31.55
1767,2,2,Rural,1,1,69.83
1797,4,4,City Center,0,13,105.51
989,4,3,City Center,0,36,47.01
2852,3,3,Downtown,1,30,112.16
2414,2,2,City Center,1,1,150.51
1645,2,2,City Center,0,30,58.25
1819,5,5,City Center,1,21,117.05
1946,1,1,Suburb,0,9,70.34
400,2,1,Downtown,1,29,27.4
1627,2,1,Rural,1,32,27.0
1323,2,2,City Center,0,18,63.85
1099,2,1,Suburb,1,24,35.23
1603,4,4,City Center,1,0,132.62
3058,2,2,Suburb,1,31,75.14
2249,3,3,Downtown,1,24,94.02
1400,2,2,City Center,0,40,45.72
2201,1,1,Suburb,0,16,56.77
2780,4,3,Industrial Area,1,13,107.45
2447,2,2,Industrial Area,0,12,74.3
1842,4,4,Suburb,1,37,63.68
1347,3,3,City Center,1,38,51.55
2289,1,1,City Center,0,1,128.78
2075,5,4,Downtown,0,31,83.16
2427,2,2,Downtown,1,31,85.98
2245,4,4,Rural,0,39,50.76
2535,2,2,Downtown,1,5,137.39
1425,4,4,City Center,1,24,85.8
2722,1,1,Rural,1,2,71.74
1938,3,3,Downtown,1,17,96.11
3253,4,4,Suburb,1,37,84.75
1318,5,5,Industrial Area,0,2,66.77
3015,4,4,Downtown,1,4,166.44
1939,4,3,Downtown,0,23,77.75
1344,4,3,Suburb,0,33,38.53
1461,2,2,City Center,1,38,57.74
1576,2,2,Suburb,0,23,55.03
2097,2,2,Downtown,0,35,70.9
2166,2,2,City Center,0,27,99.15
1398,2,1,Rural,0,33,36.34
1783,3,3,Downtown,1,15,92.69
3300,2,1,Suburb,0,35,66.0
3009,3,2,Rural,1,6,88.14
2105,2,2,Industrial Area,1,17,59.28
1827,2,2,Rural,1,5,60.0
1884,3,3,Suburb,1,27,67.66
2229,4,4,Rural,1,38,49.66
1084,3,3,Suburb,0,33,45.72
1620,3,3,Downtown,1,40,61.28
632,2,1,City Center,1,28,29.42
2079,3,3,Industrial Area,1,3,78.16
2253,1,1,City Center,1,13,109.51
1462,2,1,City Center,0,4,85.32
2902,3,2,City Center,1,24,133.19
942,1,1,Suburb,0,38,21.78
775,2,1,Suburb,1,7,39.14
1957,5,5,Industrial Area,1,14,69.27
2533,5,5,Suburb,1,18,96.87
2979,2,2,Suburb,1,10,108.42
1479,1,1,Suburb,1,19,49.75
2555,2,1,Suburb,1,35,63.71
1773,2,1,Downtown,0,17,76.57
1679,5,4,Industrial Area,1,13,70.14
2419,2,2,Suburb,1,37,50.86
2257,4,4,Industrial Area,1,24,68.71
697,2,2,Rural,1,15,27.49
2834,5,5,Downtown,1,17,151.35
2766,2,1,Suburb,1,0,118.76
1362,4,3,Downtown,0,39,49.54
2077,2,2,Downtown,1,0,112.99
2146,3,3,Rural,1,0,68.82
1982,2,2,Industrial Area,1,20,56.07
1415,2,2,Downtown,1,24,59.9
1330,5,5,City Center,0,26,98.27
1782,4,4,Rural,1,9,58.98
2621,4,4,City Center,1,11,155.12
2181,3,3,Rural,1,27,48.76
1541,4,4,City Center,1,31,79.57
2340,1,1,City Center,0,32,74.12
400,2,1,Downtown,0,7,35.54
2604,2,2,Downtown,1,25,100.29
582,3,2,Rural,0,40,21.44
1546,2,2,Industrial Area,1,1,57.26
1016,2,2,Downtown,0,34,44.45
894,3,3,Downtown,0,33,38.78
2613,4,4,Suburb,1,5,108.64
1473,2,1,Downtown,1,30,54.32
2043,2,2,Industrial Area,0,22,53.92
1767,2,1,Suburb,0,11,54.97
2134,2,1,City Center,0,27,86.65
1854,2,2,City Center,1,14,94.13
902,3,3,Suburb,0,18,37.16
2497,3,2,Suburb,1,11,95.15
1454,3,3,Suburb,1,1,81.94
710,2,1,Rural,1,10,20.67
1500,4,4,Industrial Area,0,36,45.52
2851,2,2,Industrial Area,1,37,42.7
2395,3,3,City Center,1,24,113.21
1556,4,4,City Center,0,20,84.18
1556,2,1,City Center,0,35,48.97
1575,2,2,Downtown,1,8,96.34
3254,4,3,City Center,0,11,164.8
2067,2,2,Suburb,1,9,80.35
2101,3,3,City Center,1,4,128.88
2521,1,1,Suburb,1,32,64.88
1967,3,3,Rural,1,4,71.34
1619,2,2,Downtown,1,15,82.79
1663,1,1,Downtown,0,36,53.34
1750,3,2,Industrial Area,0,36,36.57
1774,2,2,Rural,1,28,47.23
2309,2,2,Suburb,1,17,87.41
1836,1,1,Rural,1,28,39.56
2313,2,1,Downtown,1,5,108.86
1743,2,2,Suburb,0,17,51.92
1855,1,1,Rural,0,31,36.24
401,4,3,Downtown,1,30,32.09
2441,1,1,Suburb,0,10,71.05
2043,3,3,Suburb,1,25,73.57
2499,2,2,Downtown,1,27,88.48
400,2,1,Suburb,1,26,36.04
3262,4,4,Downtown,1,18,143.58
1702,2,1,City Center,0,26,65.61
2576,5,5,City Center,0,19,141.04
1072,2,1,Suburb,1,2,53.8
2229,3,3,Suburb,1,15,84.59
1063,3,3,Downtown,1,38,45.03
1363,4,3,Suburb,1,28,72.18
3140,3,3,Industrial Area,1,14,105.8
1667,3,3,City Center,0,29,79.24
1952,2,2,Suburb,0,39,37.38
2409,2,2,Suburb,1,0,101.5
2147,4,4,Rural,0,28,56.39
1905,2,1,Suburb,1,29,57.86
2055,2,2,Industrial Area,1,39,50.12
3482,4,4,City Center,0,31,129.37
1760,2,2,Rural,1,9,54.23
1941,5,4,Downtown,1,26,89.85
2535,3,2,Downtown,1,7,138.62
2574,3,3,City Center,0,35,95.43
2631,4,4,Downtown,1,34,92.21
2247,1,1,Industrial Area,1,35,45.41
1000,2,2,Suburb,1,35,31.97
2943,3,2,City Center,0,24,116.13
998,2,1,Rural,1,19,35.8
2012,3,2,Suburb,1,16,75.87
1272,4,4,Downtown,1,22,72.04
1755,3,2,Downtown,1,24,72.15
2030,2,1,Rural,1,30,47.09
2025,5,5,Industrial Area,1,5,92.38
2095,3,3,Rural,0,34,38.24
2930,3,3,City Center,1,3,172.35
2117,2,2,Rural,0,39,36.44
1629,4,4,Downtown,1,19,91.19
2475,3,3,Industrial Area,1,40,53.97
2633,4,4,Industrial Area,0,0,92.22
941,4,4,Rural,1,25,37.19
2218,2,2,City Center,1,33,75.11
2291,3,2,Downtown,0,9,120.28
1592,4,3,Suburb,1,22,70.36
2763,2,2,Industrial Area,1,23,77.58
1695,4,4,Rural,1,12,46.36
1888,5,5,City Center,1,28,100.71
1679,3,2,City Center,1,26,80.26
1811,3,2,Downtown,1,30,74.69
1033,4,3,Industrial Area,1,9,57.63
792,4,4,Downtown,1,30,59.84
2916,2,1,Suburb,1,38,49.81
1207,1,1,Suburb,1,9,43.07
1106,3,2,Suburb,1,23,45.88
400,3,3,City Center,1,32,42.21
1353,3,2,Industrial Area,1,13,56.31
874,3,3,Downtown,1,34,47.18
2949,2,1,Downtown,1,33,86.99
2507,3,2,Suburb,1,16,85.79
1318,2,2,Industrial Area,1,20,38.75
3377,3,3,Industrial Area,0,31,67.91
2487,3,2,Rural,1,2,75.3
1573,2,2,Industrial Area,1,14,46.12
400,2,2,Industrial Area,1,7,29.06
3404,3,3,Downtown,1,31,116.41
827,3,3,Industrial Area,1,37,21.44
648,2,2,Industrial Area,1,25,15.39
2516,5,5,Downtown,1,29,106.06
3508,3,3,Industrial Area,1,8,122.59
2769,5,5,Downtown,1,31,111.19
2195,3,2,Rural,1,10,71.5
2216,3,2,City Center,1,21,108.13
2397,4,3,Downtown,1,33,88.29
2331,3,3,Downtown,0,40,63.25
1997,3,2,Industrial Area,0,17,57.31
1873,2,2,Downtown,1,18,81.4
1756,3,3,Suburb,1,17,78.84
1272,2,1,Suburb,1,36,35.51
1604,2,1,Rural,1,17,51.18
615,1,1,Downtown,0,11,38.61
1731,1,1,Industrial Area,0,3,49.49
1108,5,5,Industrial Area,1,26,48.28
1027,2,2,City Center,0,4,78.46
1926,3,2,Rural,1,5,68.15
2774,4,4,Industrial Area,1,12,98.37
2443,3,3,City Center,1,22,122.15
701,2,1,Industrial Area,0,24,24.95
1107,3,2,City Center,0,3,82.7
2459,3,3,Suburb,1,31,71.83
1112,3,2,Suburb,1,14,50.45
1643,4,3,Industrial Area,0,25,43.78
2185,5,4,Rural,1,10,65.89
1122,3,3,Downtown,0,8,69.3
1874,2,2,Rural,1,10,58.92
866,3,3,Rural,0,1,41.12
1379,1,1,Downtown,1,26,56.41
2024,4,4,Suburb,1,25,72.57
685,2,2,Suburb,0,7,51.84
2108,2,2,Downtown,1,20,101.89
1786,4,3,City Center,1,20,92.53
2187,3,3,Rural,1,7,75.38
1957,2,1,Industrial Area,0,0,72.97
2755,3,2,Suburb,1,37,53.04
1888,4,4,Industrial Area,0,12,70.66
1499,2,1,Downtown,1,8,82.39
1886,4,4,Industrial Area,1,27,57.98
2180,1,1,Industrial Area,1,5,71.91
1834,4,3,Rural,1,22,53.87
1828,4,4,Downtown,1,35,77.42
1309,2,1,Industrial Area,1,16,52.11
1336,3,3,Suburb,0,8,66.56
818,2,1,Downtown,0,11,51.79
3025,3,3,Suburb,1,21,91.28
929,3,2,City Center,1,11,82.77
1315,3,3,Industrial Area,0,5,56.52
1297,2,1,Downtown,1,8,69.05
2426,2,1,Suburb,1,36,58.93
1594,1,1,Industrial Area,1,2,52.52
2673,2,1,Rural,0,33,47.96
1329,3,3,Suburb,1,7,69.16
1995,4,3,Suburb,0,9,80.96
1215,3,3,City Center,0,40,51.57
3302,3,2,Rural,1,8,89.93
969,5,4,City Center,0,13,78.69
2017,3,3,Rural,0,36,33.49
2244,5,5,Suburb,0,26,76.72
2090,3,3,City Center,1,40,74.56
1670,2,1,Industrial Area,0,31,39.83
1709,1,1,Rural,0,3,54.54
1831,3,3,Suburb,1,1,93.28
1697,2,1,Downtown,1,32,65.13
2475,2,2,Rural,1,20,65.64
3347,3,2,Rural,1,0,99.72
1410,3,3,Industrial Area,1,10,55.51
841,3,3,Rural,1,0,54.21
1738,2,1,Rural,0,10,44.33
3606,2,2,Industrial Area,1,6,124.2
1237,3,3,Industrial Area,1,1,57.15
2947,5,4,City Center,0,14,148.46
2974,3,3,Suburb,1,7,116.5
1412,4,3,Suburb,0,25,58.13
2198,4,3,City Center,1,39,94.41
2940,3,3,Suburb,1,34,66.71
1535,2,2,Rural,1,40,35.38
1657,3,2,City Center,0,40,65.19
1393,3,3,City Center,0,20,84.28
1090,3,3,Suburb,0,37,17.47
1346,3,2,Downtown,0,7,87.32
943,3,3,Suburb,1,31,40.68
1824,2,1,Downtown,1,7,95.95
1261,3,3,City Center,1,9,97.02
1964,2,2,Downtown,1,22,70.29
711,4,4,Rural,1,3,50.63
2032,2,1,Industrial Area,1,37,55.29
2383,1,1,Downtown,0,29,65.51
404,3,2,Industrial Area,1,40,18.14
2062,3,3,Rural,1,22,55.27
2659,3,3,Industrial Area,1,4,98.6
953,2,2,Rural,1,20,33.26
2971,3,3,Industrial Area,1,5,99.67
2093,2,2,Industrial Area,0,16,59.85
1306,5,4,Suburb,1,24,71.24
1761,4,4,Downtown,0,23,86.84
2191,3,2,Industrial Area,1,21,65.9
1853,2,2,City Center,1,12,97.53
2177,3,2,Suburb,1,16,87.92
1156,1,1,Downtown,1,13,55.09
1919,3,3,Suburb,1,33,44.08
810,2,2,Downtown,0,25,41.19
1722,4,4,Rural,0,18,57.62
1167,1,1,Industrial Area,1,25,29.61
1285,3,3,City Center,0,2,79.75
2665,3,3,Suburb,0,1,105.11
2564,3,2,Suburb,0,27,71.39
2226,1,1,Suburb,1,1,84.52
1035,5,4,Suburb,0,21,55.76
1579,3,3,Industrial Area,1,6,68.72
2649,3,2,Downtown,1,3,139.59
1899,2,2,Industrial Area,1,37,32.02
3424,3,3,Rural,0,38,66.83
2075,3,3,Industrial Area,1,19,68.61
1934,1,1,Industrial Area,1,5,66.96
1584,2,2,Rural,1,8,53.43
1893,4,4,Industrial Area,1,30,61.64
1693,2,2,Downtown,1,25,67.81
2296,2,1,City Center,0,35,79.33
2470,3,2,Rural,1,25,61.99
1250,4,3,Suburb,0,27,51.37
868,1,1,Downtown,0,4,38.17
515,3,3,City Center,1,9,59.68
2156,2,1,Downtown,1,17,94.73
1028,1,1,Downtown,0,14,56.05
400,1,1,Suburb,1,32,16.96
2072,4,4,City Center,1,4,151.15
3545,2,1,Downtown,0,36,87.27
1796,1,1,Suburb,1,39,36.11
2387,3,2,Rural,1,21,63.0
1857,4,4,Suburb,1,21,76.74
1731,2,2,Industrial Area,0,21,43.09
2443,3,3,Suburb,0,14,93.69
1597,1,1,Suburb,0,16,48.71
1987,3,2,Suburb,0,27,57.83
2025,3,2,Downtown,1,21,89.7
1332,3,3,City Center,1,20,87.97
2494,2,2,Suburb,1,16,91.21
1678,2,1,Suburb,1,4,81.97
1271,2,1,Industrial Area,0,17,41.04
2176,2,2,Industrial Area,1,16,76.77
1171,1,1,Rural,1,3,39.97
1820,4,3,Rural,0,6,62.52
1794,5,4,Industrial Area,0,24,56.27
2560,5,5,City Center,1,36,104.95
2132,4,4,Rural,1,39,44.66
1782,3,2,City Center,1,39,63.14
2372,3,2,Industrial Area,0,8,74.08
2773,2,2,Rural,0,18,68.71
2190,3,3,Suburb,1,8,89.69
1807,3,2,Industrial Area,1,22,44.33
882,3,3,Rural,0,30,15.46
1054,4,4,City Center,1,31,52.16
1586,2,2,City Center,1,30,59.42
1373,2,2,Rural,1,16,34.13
1669,4,3,City Center,0,38,60.49
1840,1,1,Rural,1,21,44.43
2171,3,2,Rural,1,34,36.87
1751,4,4,City Center,1,29,83.51
2141,3,3,Downtown,0,39,56.59
1845,3,3,Suburb,0,36,44.67
417,2,1,Industrial Area,1,25,23.46
1142,2,1,Suburb,1,5,52.71
1699,4,4,Industrial Area,1,33,49.07
953,3,2,Industrial Area,1,31,31.07
2220,3,2,Suburb,0,24,59.98
2872,1,1,Rural,1,12,69.04
2653,1,1,City Center,1,37,82.55
1651,5,4,Downtown,1,37,75.12
2844,2,2,Downtown,0,1,143.58
1904,3,3,Downtown,1,4,118.93
1564,1,1,Suburb,1,10,51.28
1371,3,3,Suburb,1,10,56.93
1588,5,5,Rural,1,23,43.53
1528,3,3,Downtown,1,13,91.95
1919,2,1,Rural,1,29,32.26
1912,3,2,Downtown,1,39,69.99
1802,4,4,Suburb,1,34,54.92
2106,3,2,City Center,1,20,114.77
2633,4,4,City Center,1,4,167.61
2465,3,3,City Center,0,37,82.19
761,4,3,City Center,0,1,76.51
400,3,3,Industrial Area,1,39,17.46
2454,2,2,Downtown,1,36,78.06
843,2,2,City Center,1,33,36.29
1643,2,1,Industrial Area,0,10,52.26
981,4,4,Industrial Area,0,35,27.54
539,4,3,Industrial Area,0,10,33.81
2179,3,2,Rural,1,8,59.89
2331,2,2,Rural,1,5,76.37
1396,2,1,Industrial Area,1,33,31.39
400,4,4,City Center,0,36,41.96
1418,3,3,Downtown,1,31,57.36
2074,2,1,Suburb,1,11,75.93
765,3,2,Rural,0,31,27.65
1928,1,1,City Center,1,16,82.87
1789,2,2,City Center,0,3,99.18
2206,3,3,Suburb,1,32,68.31
1884,2,2,Suburb,1,8,84.29
1119,5,5,City Center,1,33,71.04
2638,2,2,Suburb,0,38,51.6
1689,2,1,City Center,0,29,62.69
1781,2,2,Suburb,1,19,74.23
1147,4,4,Suburb,0,38,30.52
1490,3,2,City Center,1,22,82.85
1181,3,2,Industrial Area,1,40,31.59
1679,1,1,City Center,1,34,51.87
2998,1,1,Downtown,1,22,105.86
840,3,2,Suburb,1,38,18.84
671,4,4,Rural,1,22,34.98
2830,4,4,Suburb,1,36,77.48
1653,1,1,Downtown,0,22,51.81
1332,3,3,Rural,0,38,31.99
2528,4,4,Rural,0,27,55.98
1376,2,2,City Center,1,18,70.77
3078,4,4,Industrial Area,1,29,72.48
2275,2,2,City Center,1,20,109.76
1458,5,4,Rural,1,23,39.86
3310,4,4,Rural,1,20,76.14
1376,5,5,Industrial Area,1,25,50.96
2319,3,3,Suburb,0,35,55.55
2010,2,1,Industrial Area,1,25,54.99
2711,5,5,City Center,1,32,118.88
2893,2,2,Suburb,1,35,68.02
1822,2,1,City Center,0,3,91.94
1273,3,3,Industrial Area,1,8,54.13
2122,4,4,Suburb,1,7,84.53
1326,4,4,Industrial Area,1,1,70.28
3209,2,2,Downtown,1,28,114.04
1896,4,4,Rural,1,22,51.65
1544,3,2,Suburb,0,5,70.26
1929,1,1,Rural,0,35,29.49
857,2,2,Downtown,1,20,56.05
1120,2,2,Suburb,0,21,41.3
2640,2,2,Rural,1,8,69.33
1340,5,5,Rural,1,33,48.28
1067,3,2,Suburb,1,25,48.07
2176,3,3,Rural,0,0,71.23
2630,5,4,Rural,1,35,60.35
2303,2,2,Suburb,0,4,91.54
2497,4,4,Rural,1,40,48.0
1270,3,3,Rural,1,21,41.17
805,4,4,City Center,1,3,89.33
2851,2,2,City Center,0,1,153.38
1574,5,5,Downtown,1,15,110.88
1624,2,1,City Center,0,15,66.82
2730,2,2,City Center,1,21,124.52
2189,4,4,Downtown,1,0,134.5
2119,2,2,Rural,1,14,56.98
3316,3,3,Rural,1,23,67.8
1350,3,3,City Center,1,3,94.32
2449,3,3,Downtown,0,17,107.87
1840,2,2,Rural,1,16,51.42
1988,1,1,Industrial Area,0,6,65.75
2870,2,1,Suburb,0,9,94.86
2155,3,3,Suburb,0,0,99.73
2177,2,2,Suburb,0,1,87.77
2551,2,1,City Center,1,21,114.13
1545,2,2,Suburb,1,31,39.24
1213,1,1,Suburb,0,28,32.82
1069,3,3,Industrial Area,0,34,32.45
424,4,4,Rural,1,16,28.41
3239,2,2,Industrial Area,1,11,98.88
1028,3,3,City Center,1,23,68.45
1645,3,3,Suburb,1,29,51.76
1606,3,3,Rural,1,29,45.8
2015,3,2,Suburb,1,19,58.31
2371,3,3,Suburb,1,6,89.23
2402,3,3,City Center,0,37,76.66
1392,1,1,Suburb,1,6,57.27
1683,3,2,Downtown,0,29,60.04
1998,3,2,Rural,1,11,53.38
1626,1,1,Rural,1,30,32.51
2925,2,2,Downtown,1,17,122.68
2144,5,4,City Center,0,1,148.99
2314,3,2,Suburb,1,32,56.63
2264,3,3,Suburb,0,10,87.77
2621,4,4,Rural,0,33,59.79
1927,3,3,City Center,1,15,102.39
892,3,2,City Center,0,34,52.15
2080,4,4,City Center,1,32,90.44
1344,4,4,Suburb,1,20,58.43
1430,3,2,City Center,1,19,82.17
2210,3,2,Downtown,1,7,118.37
2667,2,1,Industrial Area,1,25,51.07
1815,5,4,City Center,1,32,89.51
2016,3,3,Industrial Area,1,25,61.44
2992,1,1,Suburb,1,36,70.72
1969,4,4,City Center,1,29,95.16
3621,3,2,Rural,1,30,69.73
2196,1,1,Suburb,0,32,54.65
567,3,2,Downtown,1,10,61.41
2327,3,2,Downtown,1,40,74.04
2067,4,3,Industrial Area,0,4,78.71
2703,2,2,Industrial Area,1,1,102.24
2271,4,4,Rural,1,12,66.96
1703,3,2,Rural,1,17,50.68
943,1,1,Downtown,1,25,54.77
1654,5,4,City Center,0,24,96.09
1205,3,3,Downtown,1,13,79.87
1394,2,1,Downtown,1,4,77.21
2212,3,3,Rural,1,1,81.2
2969,4,3,Industrial Area,1,3,117.49
2076,2,1,Rural,0,11,45.38
963,2,2,Rural,1,10,35.2
2111,2,2,Rural,0,3,65.76
2638,2,2,Downtown,0,8,120.99
1373,4,4,City Center,0,9,96.0
1706,3,3,Downtown,0,26,79.97
1810,2,1,Suburb,0,5,70.23
1251,2,2,Rural,1,14,35.75
2254,2,2,Rural,1,30,53.07
1715,5,5,Suburb,0,21,80.89
2094,2,2,Rural,0,5,68.51
1179,5,5,Rural,1,32,37.04
1494,3,2,Rural,1,28,36.18
2306,2,1,Suburb,0,20,62.22
1539,4,4,Downtown,1,29,75.68
3009,3,3,Rural,1,20,81.85
1520,3,2,City Center,0,35,62.67
1957,5,5,Suburb,1,21,93.08
2453,1,1,Industrial Area,1,19,51.58
807,1,1,Suburb,0,21,27.01
567,3,3,Downtown,1,39,38.88
732,2,1,Suburb,1,10,33.7
2684,2,1,Industrial Area,0,30,49.59
1414,1,1,City Center,0,39,36.27
3591,1,1,Industrial Area,0,12,94.93
1405,4,3,Suburb,1,17,56.93
1929,2,1,Industrial Area,0,21,58.47
2879,3,2,Suburb,1,16,102.04
3204,3,2,City Center,0,37,100.57
3243,3,3,City Center,1,24,139.72
2646,1,1,Downtown,1,31,88.87
2517,4,3,City Center,1,14,148.5
2215,1,1,Rural,1,12,51.5
2345,4,3,Industrial Area,1,25,63.04
1414,4,4,Industrial Area,1,10,61.41
1227,3,3,Suburb,1,12,56.26
1798,3,3,City Center,1,32,67.74
1681,3,3,Downtown,1,36,57.45
1483,2,2,Downtown,0,37,42.66
2287,4,4,Downtown,0,0,132.1
2469,4,4,Rural,1,38,52.81
1862,2,2,City Center,1,26,81.38
2834,3,3,Downtown,1,35,96.24
1001,4,4,Rural,0,31,25.26
1664,5,4,Industrial Area,0,40,47.24
1298,3,3,Suburb,1,14,61.18
493,3,3,City Center,0,30,33.45
1742,2,1,City Center,0,5,105.14
1715,5,4,Industrial Area,1,24,61.15
2859,2,1,City Center,1,17,126.38
2242,3,3,City Center,1,21,113.04
1083,2,2,City Center,1,30,46.79
3098,2,1,City Center,0,35,95.63
2655,3,3,Rural,1,8,93.51
2207,5,5,Rural,0,2,73.81
1641,1,1,Suburb,1,32,38.88
1128,3,2,City Center,1,26,61.65
1539,1,1,Industrial Area,0,0,48.87
2562,2,1,Downtown,1,8,117.8
3119,3,2,Suburb,1,4,134.42
2880,3,3,Downtown,1,14,131.07
1458,2,1,Downtown,1,8,80.07
1016,2,1,City Center,0,27,41.46
1899,1,1,Industrial Area,0,12,54.99
562,2,2,Downtown,0,23,37.85
2026,5,4,Downtown,0,9,119.17
1697,5,5,Suburb,0,21,68.67
1474,2,1,Industrial Area,1,38,31.02
684,3,3,Industrial Area,0,21,33.09
2160,4,4,Downtown,1,36,85.04
1427,1,1,Industrial Area,0,38,27.86
981,4,3,Suburb,0,19,46.86
400,5,5,Suburb,0,9,54.78
1781,1,1,Suburb,1,9,61.33
3041,2,2,City Center,1,25,120.7
2963,5,4,Downtown,1,24,139.87
1480,3,2,Industrial Area,1,27,43.14
1378,1,1,Suburb,1,12,54.82
2128,2,2,Downtown,1,14,93.63
1101,3,3,Downtown,0,5,79.27
2011,3,2,City Center,1,11,108.78
2336,3,2,Industrial Area,1,18,62.68
2659,5,5,Industrial Area,1,31,77.47
1730,2,1,Suburb,0,10,60.07
1657,3,3,Suburb,1,37,45.56
1185,3,3,Downtown,0,32,52.83
1221,3,3,Industrial Area,0,1,53.01
1641,2,2,Industrial Area,1,14,48.01
2057,5,5,Suburb,1,35,62.56
2440,4,4,Rural,1,4,80.27
1238,3,3,Downtown,1,14,82.35
2845,3,2,Industrial Area,0,9,95.98
1610,2,2,City Center,0,16,75.58
1785,3,3,City Center,1,33,79.28
1277,3,3,Rural,1,23,37.96
400,3,3,Suburb,1,9,46.5
2419,5,4,Suburb,0,29,90.83
2316,3,3,Suburb,1,2,108.52
1603,2,1,City Center,1,36,55.11
1847,4,3,Suburb,0,2,81.29
2161,2,2,City Center,1,39,75.02
706,2,2,Rural,1,4,31.5
1430,2,2,Downtown,1,27,51.36
2356,3,3,Industrial Area,1,13,78.63
922,4,3,Rural,0,38,37.54
2005,3,3,City Center,1,10,125.83
850,4,4,Rural,0,7,34.95
2127,3,3,Industrial Area,0,36,46.19
1775,2,2,Downtown,1,7,97.21
669,4,4,Industrial Area,1,11,47.02
2615,2,2,City Center,1,14,119.58
1286,2,2,Industrial Area,1,18,42.44
1233,3,3,Rural,1,27,37.78
1940,2,1,Suburb,0,6,71.06
2604,1,1,Rural,0,39,28.39
1089,3,3,City Center,1,6,85.88
1843,3,3,Downtown,0,29,76.42
2100,3,2,Industrial Area,0,17,58.68
2285,5,5,Downtown,1,23,110.19
1924,3,3,City Center,0,5,126.92
1543,4,4,Industrial Area,1,3,72.01
1221,2,1,Rural,1,2,44.45
1860,3,3,Rural,1,5,54.25
1050,4,3,City Center,1,25,62.56
400,3,2,Industrial Area,1,37,31.8
2106,3,2,Rural,0,10,71.11
2433,2,1,City Center,0,28,92.33
400,1,1,City Center,1,19,15.58
1093,3,3,Downtown,0,9,61.22
2233,2,1,Rural,0,25,38.58
3240,4,3,Industrial Area,1,26,75.77
1815,2,2,Rural,1,13,50.4
1290,5,4,Rural,1,35,42.17
1672,5,5,Rural,0,11,59.4
2762,2,2,City Center,1,22,117.79
1348,2,2,Suburb,1,20,48.54
1241,4,4,Suburb,0,7,72.47
1462,5,5,Downtown,0,38,67.94
1133,3,3,Rural,1,8,47.08
1886,2,2,Suburb,1,23,68.75
2937,3,3,Downtown,1,30,102.67
2026,3,3,City Center,0,24,103.75
1623,2,1,Rural,1,16,40.92
1596,3,3,Industrial Area,1,28,35.15
706,1,1,City Center,0,2,36.48
2418,1,1,Downtown,0,20,78.97
1746,2,2,City Center,0,7,92.94
1674,2,1,Industrial Area,1,13,60.38
4035,2,2,City Center,1,38,120.33
2009,3,2,Downtown,1,15,90.16
1274,2,2,Industrial Area,1,17,34.8
1502,2,2,Industrial Area,1,30,38.86
2604,2,2,City Center,1,10,145.54
1879,5,5,Industrial Area,0,37,50.18
793,3,3,City Center,0,19,61.1
2443,3,3,Rural,1,3,83.91
1332,3,3,Industrial Area,0,19,36.09
3111,5,5,City Center,1,30,139.98
2556,2,1,Rural,0,19,51.09
1487,3,3,Industrial Area,0,10,53.01
2697,3,3,Rural,1,0,86.71
1847,3,3,Industrial Area,1,17,61.42
2397,1,1,Downtown,1,38,64.74
2139,3,3,Downtown,1,32,77.51
1208,1,1,City Center,0,35,38.5
1350,3,2,Suburb,0,17,54.01
2521,3,3,Downtown,1,30,91.8
1566,2,2,Suburb,0,34,39.44
1517,4,4,Rural,0,38,46.51
1131,1,1,Rural,1,37,27.9
2097,4,4,Suburb,0,14,81.84
3244,3,3,City Center,1,5,185.78
1053,2,2,Industrial Area,1,7,44.44
1817,2,1,Suburb,1,39,43.88
2789,5,5,Suburb,1,21,103.35
1744,1,1,Suburb,0,0,67.0
2117,2,1,Suburb,1,12,74.66
1056,2,2,Suburb,0,23,33.4
2100,3,2,City Center,0,20,96.51
1669,3,3,Downtown,1,3,94.88
2490,2,1,Industrial Area,0,6,80.74
2631,2,1,Downtown,1,11,121.47
3613,2,2,Suburb,1,12,133.96
2206,2,1,Downtown,1,15,89.79
2028,3,3,City Center,1,5,127.86
1936,3,2,Rural,0,13,62.0
1553,2,2,Downtown,1,30,62.37
2037,2,1,Industrial Area,0,35,50.08
1593,2,2,City Center,1,36,69.33
1918,5,4,Rural,0,40,27.61
2722,5,5,City Center,0,34,112.19
1095,4,3,Suburb,1,9,64.37
2598,2,1,Rural,1,16,64.59
2722,1,1,Industrial Area,1,29,55.84
1717,2,1,Rural,1,6,62.78
400,2,1,Industrial Area,1,17,21.19
1375,3,3,Suburb,1,18,40.04
2708,4,4,Industrial Area,1,14,88.44
1784,4,4,City Center,0,38,84.27
1100,4,4,Downtown,1,21,64.19
1447,2,2,City Center,1,38,62.01
2388,3,3,City Center,0,29,102.99
2183,2,2,Rural,0,19,50.87
1633,1,1,Suburb,0,31,40.54
1543,3,3,Downtown,1,24,73.48
1526,1,1,Industrial Area,1,22,37.46
1154,3,2,Rural,0,4,38.96
2931,2,2,Suburb,1,40,74.24
1574,3,2,Downtown,1,29,64.86
2652,4,3,City Center,0,38,87.66
2865,2,1,Suburb,0,26,78.19
2499,4,4,Suburb,0,36,68.14
1498,2,2,Suburb,1,6,57.24
2083,3,2,City Center,1,4,126.31
1783,3,2,Industrial Area,1,14,50.88
1167,3,2,Rural,1,7,60.62
2027,5,4,Industrial Area,1,8,82.73
975,2,2,Downtown,0,10,50.82
2631,3,3,Rural,1,21,63.84
1475,3,3,Downtown,0,33,52.31
1941,4,4,City Center,1,34,85.14
1998,2,1,Industrial Area,0,12,65.91
1619,4,4,Suburb,1,10,80.79
2211,3,3,Rural,0,31,38.52
1468,2,1,Suburb,1,14,49.0
2410,3,3,Downtown,0,37,75.82
858,2,1,Suburb,1,0,41.68
1888,3,2,Suburb,0,23,59.61
3157,4,4,City Center,1,39,128.09
1100,3,3,City Center,1,21,64.32
1326,3,3,Industrial Area,0,2,48.36
2160,3,3,Downtown,1,13,105.65
1926,1,1,City Center,1,1,99.07
2045,2,2,City Center,1,31,88.2
2142,3,2,Industrial Area,1,37,39.6
2244,2,2,Rural,0,32,36.94
2577,2,1,Industrial Area,1,5,76.15
2087,3,3,Suburb,0,40,41.41
1631,2,2,Suburb,0,38,38.47
2271,2,1,City Center,1,24,91.26
3130,3,3,City Center,1,33,104.83
1707,2,2,Industrial Area,0,10,52.91
1118,4,3,Industrial Area,0,36,34.29
2575,4,3,Downtown,1,40,82.29
1716,3,2,Suburb,0,6,76.1
400,2,2,Industrial Area,1,21,32.27
2393,4,4,Rural,1,38,53.98
1425,4,3,Downtown,0,9,88.72
1737,4,3,Industrial Area,1,20,64.78
2032,2,2,City Center,1,5,133.25
1933,3,2,Industrial Area,1,0,69.07
2297,4,4,City Center,1,33,102.1
1495,3,3,City Center,1,13,89.4
2159,3,3,Suburb,1,35,60.27
1618,3,3,Suburb,1,26,49.34
2317,3,3,Industrial Area,0,8,83.16
2231,1,1,Industrial Area,1,5,72.65
1145,3,3,Rural,1,30,41.84
2560,1,1,Downtown,1,16,101.37
1425,3,2,Downtown,0,35,49.15
2366,2,1,Industrial Area,1,20,61.66
2057,3,2,Suburb,0,26,76.4
3087,2,2,Rural,1,40,56.07
1644,3,3,Downtown,1,27,81.17
1555,4,3,Industrial Area,1,15,64.69
1786,2,2,Suburb,1,34,53.25
1588,2,2,Suburb,1,35,34.28
2360,2,2,Suburb,0,34,52.91
669,4,3,City Center,1,18,59.08
1062,3,3,Suburb,0,20,45.43
1053,3,2,Industrial Area,1,32,31.64
2465,2,2,Rural,0,22,45.63
2997,3,2,Industrial Area,1,5,102.12
1727,4,3,Suburb,1,31,45.47
1682,4,3,Rural,1,21,56.02
1849,3,3,Downtown,1,2,114.82
2613,1,1,Downtown,1,34,84.29
1151,2,1,Industrial Area,0,15,37.32
1967,1,1,Rural,1,24,40.2
2483,2,2,Industrial Area,1,16,62.87
2151,2,2,Rural,0,38,34.52
1933,2,1,Rural,0,12,45.85
2501,2,2,Industrial Area,0,27,60.05
400,5,4,Rural,0,10,30.77
2275,3,3,Suburb,1,9,97.57
1342,4,4,Rural,0,38,40.22
519,3,2,Rural,1,23,15.33
2158,2,2,Industrial Area,0,37,42.05
2762,3,3,Downtown,0,23,108.09
1704,2,1,City Center,1,32,67.98
2467,3,2,Rural,1,16,70.99
2929,2,2,City Center,0,35,104.12
2720,5,4,Rural,1,34,53.27
2948,2,1,Industrial Area,0,5,80.53
2319,2,1,Industrial Area,0,15,64.75
1853,5,5,Rural,0,27,55.04
679,1,1,Industrial Area,1,40,21.26
1628,3,2,Industrial Area,1,31,38.73
1210,3,2,Rural,1,25,25.94
3320,4,4,Downtown,1,10,175.11
1677,5,5,Rural,1,24,57.85
1886,5,5,Downtown,1,30,86.59
2186,1,1,Industrial Area,1,20,43.52
1831,4,4,Downtown,0,2,112.71
2987,3,3,Industrial Area,0,11,96.42
1364,3,2,Downtown,1,39,53.21
1936,2,2,Downtown,1,40,52.58
1280,3,2,Rural,1,24,41.0
876,5,5,Downtown,1,16,76.41
1372,4,4,Industrial Area,1,37,47.09
1774,3,3,Rural,1,35,34.91
1499,1,1,Downtown,0,35,39.73
1315,2,1,Rural,1,18,37.75
816,4,3,City Center,1,1,83.62
1742,3,3,Rural,1,16,48.57
747,3,3,City Center,1,29,61.32
2332,1,1,City Center,0,9,118.41
1858,3,2,Rural,1,34,34.0
780,3,2,Industrial Area,1,35,27.14
1584,4,4,Industrial Area,1,32,38.31
1273,3,2,Industrial Area,1,0,68.92
2023,2,1,Suburb,0,17,68.7
2738,3,3,City Center,0,3,165.25
487,1,1,Rural,0,26,11.2
1881,5,4,Industrial Area,1,24,70.93
1688,2,1,Industrial Area,1,27,50.27
2270,3,3,Rural,1,21,58.94
1949,2,2,City Center,0,24,75.74
1274,3,3,Rural,0,16,43.51
1577,3,3,Suburb,1,11,70.3
1243,3,2,Suburb,1,15,66.46
2553,2,2,Rural,1,36,46.51
1815,2,1,City Center,1,15,92.99
3131,2,1,Industrial Area,1,16,90.06
1758,3,3,Suburb,0,30,52.94
1304,1,1,Suburb,1,14,51.54
740,3,3,City Center,0,12,56.06
538,4,3,Suburb,1,39,21.71
691,4,4,Suburb,1,26,35.78
1987,3,2,City Center,1,20,98.39
2156,3,2,Rural,0,1,70.66
693,1,1,Industrial Area,0,7,27.46
2427,3,2,Industrial Area,1,6,88.06
1462,4,3,Suburb,0,9,69.17
1903,2,2,Industrial Area,0,3,59.43
2929,3,3,Rural,1,40,57.53
2428,4,3,Suburb,1,35,57.8
1612,4,3,Industrial Area,1,34,37.53
1176,2,2,Downtown,0,2,69.62
400,3,3,Downtown,1,17,48.09
1297,2,2,Downtown,0,23,58.99
1652,2,1,Downtown,1,31,58.63
1109,4,4,Downtown,1,33,60.14
1708,4,4,Suburb,1,1,86.62
1854,4,3,City Center,1,1,131.98
1643,1,1,City Center,0,9,77.1
1345,4,3,Suburb,0,22,48.28
1918,3,3,Suburb,1,14,75.49
2109,2,1,Rural,0,11,53.94
1037,3,3,City Center,1,16,70.78
2788,1,1,Downtown,0,17,102.39
1731,4,3,Suburb,1,13,60.28
1813,3,3,Downtown,1,16,95.6
2296,2,2,City Center,0,14,107.98
1963,2,2,Industrial Area,1,11,62.26
2467,2,2,Industrial Area,0,15,61.0
2001,1,1,Suburb,0,31,56.47
1371,3,2,Rural,1,22,49.85
2053,4,4,Downtown,1,37,65.57
999,1,1,Suburb,1,33,26.79
1876,1,1,Rural,1,33,40.61
1777,3,2,Downtown,0,15,82.38
1654,4,4,City Center,1,33,76.03
1710,2,2,Industrial Area,1,39,32.96
483,2,2,Rural,0,6,24.49
1416,3,3,Downtown,1,32,76.24
1865,2,2,Suburb,1,3,85.62
1912,1,1,Downtown,0,6,79.4
1081,3,3,Suburb,0,17,43.94
2686,3,2,Industrial Area,0,3,89.88
1194,3,3,Industrial Area,1,10,46.89
2479,3,3,Downtown,1,19,105.06
2099,3,3,Downtown,0,10,111.03
1348,2,2,Suburb,0,14,47.77
3043,2,2,Suburb,1,16,101.81
964,2,2,Rural,1,33,35.26
2443,2,2,Rural,1,11,65.03
2500,3,3,Rural,1,27,59.78
1331,4,4,Downtown,1,34,55.87
2775,5,5,Rural,1,7,98.71
1625,3,2,Downtown,1,26,78.85
2002,2,2,Industrial Area,1,21,64.08
1982,2,2,City Center,0,23,85.42
1706,4,4,Industrial Area,0,1,72.11
2368,3,3,Downtown,1,30,90.65
2355,3,3,Downtown,0,21,99.13
576,4,4,City Center,0,0,75.41
2713,3,2,Suburb,1,13,94.84
636,4,4,Suburb,0,24,35.24
2523,1,1,Suburb,0,35,52.43
2589,3,2,Rural,1,35,53.81
1036,4,3,Suburb,1,40,42.42
1512,2,2,Rural,0,2,46.9
1026,3,3,Rural,1,4,39.04
1650,2,2,Suburb,0,0,73.37
1584,5,5,Suburb,1,18,81.1
2346,1,1,City Center,0,32,75.49
2717,3,3,City Center,1,29,107.64
2777,2,1,Rural,0,11,67.17
1406,3,3,City Center,0,9,100.14
1654,2,2,Rural,0,33,34.15
622,2,2,Downtown,1,15,50.25
1236,3,2,Rural,1,39,23.36
2475,4,4,Rural,0,28,65.27
2931,2,1,City Center,1,14,143.64
936,2,2,Downtown,0,10,52.79
1385,4,4,Industrial Area,1,33,46.77
1782,3,3,Industrial Area,0,35,49.28
1996,4,4,Industrial Area,1,29,51.37
1233,2,2,Downtown,1,34,44.36
2097,3,3,Suburb,1,8,92.94
1468,2,2,Downtown,0,17,66.72
1790,2,1,City Center,0,18,83.94
2182,3,3,Rural,1,38,46.95
1804,3,3,Rural,0,3,64.86
1495,4,4,City Center,1,5,115.29
1723,2,1,City Center,0,32,60.93
1738,3,2,Rural,0,31,47.07
1541,3,3,Suburb,0,15,62.35
1619,5,5,Suburb,1,10,95.27
2919,2,2,Suburb,1,21,97.62
2193,2,1,City Center,1,35,71.16
1593,2,1,Rural,0,22,41.49
2288,3,3,Rural,1,25,49.92
1566,2,2,Rural,1,30,45.6
2621,4,4,Downtown,1,28,107.69
2059,2,2,Downtown,0,4,104.8
1725,4,3,Industrial Area,1,37,38.44
2113,2,2,Downtown,1,24,80.58
700,3,3,Suburb,1,33,33.0
1011,4,3,Suburb,0,11,54.64
964,2,1,Suburb,0,21,31.34
1900,5,5,Suburb,0,8,98.58
3013,3,2,Industrial Area,1,19,84.0
3362,5,5,Suburb,0,28,95.09
2247,3,2,City Center,1,28,100.34
2151,2,1,City Center,1,26,81.62
539,2,2,City Center,1,16,33.6
1420,2,1,Downtown,1,4,80.82
1249,1,1,Rural,1,12,29.75
1365,2,2,Industrial Area,1,14,48.75
1682,2,2,City Center,1,14,97.03
1470,3,2,City Center,1,17,91.33
414,4,4,Suburb,1,1,53.04
2324,2,2,City Center,0,22,90.71
1049,2,1,Suburb,1,12,41.13
1967,3,2,Suburb,0,3,83.48
3252,2,2,Rural,0,24,67.91
1156,1,1,Downtown,0,10,47.21
400,2,2,Suburb,0,11,22.56
1600,4,4,Suburb,1,12,82.34
2571,4,4,Rural,1,8,87.83
3171,2,1,Suburb,1,37,67.31
939,3,3,Industrial Area,1,5,54.86
2148,3,3,Downtown,0,9,101.91
1474,3,3,Industrial Area,0,22,51.08
1726,3,2,City Center,1,14,103.61
3651,3,3,Downtown,1,22,147.89
748,2,2,City Center,0,39,33.9
1978,1,1,Suburb,1,36,41.29
2127,3,3,Rural,1,33,49.73
2560,4,4,Industrial Area,1,15,83.79
1869,3,3,City Center,1,40,73.26
2016,4,4,Suburb,1,31,61.25
1526,5,5,Industrial Area,1,37,43.63
1988,2,2,Industrial Area,1,39,40.53
1560,3,3,City Center,0,4,105.81
2235,3,3,Suburb,1,16,87.41
1541,5,5,Rural,1,21,65.11
2064,5,5,City Center,0,38,86.32
1780,3,3,Industrial Area,0,40,33.65
2588,2,1,Industrial Area,1,17,76.31
1764,4,4,Downtown,1,27,85.48
559,2,2,Suburb,1,12,32.91
2683,4,4,Downtown,0,0,154.0
1166,4,3,Rural,1,18,39.76
1342,2,1,City Center,1,33,50.4
1383,3,3,Industrial Area,0,3,50.59
2762,3,3,Suburb,1,2,124.55
400,3,3,Industrial Area,0,40,20.08
3996,2,2,Downtown,0,9,172.6
2539,4,4,Downtown,1,27,102.36
1956,5,4,City Center,1,33,99.03
1762,5,5,Suburb,0,38,45.69
2000,2,1,Suburb,1,18,65.89
2165,4,4,City Center,0,35,92.27
2252,3,2,Downtown,0,2,108.69
2189,2,1,Downtown,1,22,87.55
1863,1,1,Downtown,1,16,74.7
1662,2,2,Industrial Area,0,6,57.67
1694,4,4,Rural,1,25,47.71
1664,3,3,Downtown,0,17,84.96
2594,3,3,Rural,1,5,90.5
2215,2,2,Rural,1,30,61.61
400,3,3,Suburb,1,28,27.42
2259,1,1,City Center,0,8,112.62
1936,2,2,Industrial Area,1,34,45.72
1787,3,2,Rural,1,16,55.3
1528,2,2,Industrial Area,1,11,62.68
2587,4,3,Suburb,1,35,65.8
2463,2,2,Downtown,1,23,94.43
1259,3,3,Rural,1,9,47.32
2085,3,2,City Center,1,29,83.3
1120,3,3,Suburb,1,28,44.15
834,2,1,Industrial Area,1,38,25.57
1361,1,1,Downtown,1,9,72.47
2404,4,4,Industrial Area,1,38,54.3
2467,2,2,City Center,1,27,107.18
2159,4,3,Rural,1,17,51.93
2308,5,5,City Center,0,40,105.82
2161,2,1,Industrial Area,1,16,66.05
1351,2,1,Industrial Area,1,10,45.12
2102,3,3,City Center,0,0,137.42
2360,5,5,City Center,0,16,136.06
2328,4,3,City Center,1,35,80.12
2632,3,3,Downtown,1,35,87.76
2296,4,4,Industrial Area,0,8,89.65
2046,2,2,Suburb,1,27,66.45
2549,5,5,Downtown,1,32,104.69
1781,5,5,Downtown,1,2,136.84
1183,2,2,Downtown,0,7,67.97
1686,2,1,Suburb,1,5,71.37
1279,2,2,City Center,1,5,81.77
1327,2,2,Industrial Area,0,28,32.26
1699,4,3,Rural,0,36,35.44
1245,2,1,Rural,1,11,41.18
1584,1,1,Industrial Area,1,8,56.23
474,2,2,Suburb,0,40,13.74
1949,5,4,Rural,1,18,55.54
1801,3,3,Downtown,1,16,101.5
1228,3,3,Rural,1,31,27.75
2261,2,2,Industrial Area,1,34,52.15
2456,5,5,Downtown,1,13,139.49
675,4,3,Rural,1,15,33.1
1266,2,2,Industrial Area,0,20,41.61
1262,1,1,Suburb,0,11,36.4
1142,1,1,Industrial Area,1,23,41.74
2381,2,2,Suburb,0,33,73.64
1664,3,3,Downtown,1,7,107.24
1615,4,4,Industrial Area,0,20,51.01
400,3,3,City Center,0,7,34.55
2245,4,4,City Center,1,27,111.2
933,3,2,City Center,1,15,59.1
1842,3,3,City Center,1,9,113.18
1994,3,3,City Center,0,14,116.85
2752,2,1,Suburb,0,3,111.03
884,2,2,Industrial Area,1,25,40.81
400,3,2,Downtown,1,14,42.49
1929,1,1,City Center,1,35,69.96
3060,2,2,City Center,0,31,94.42
2667,3,3,Downtown,1,37,75.71
1947,5,5,Downtown,1,3,134.66
1456,3,3,City Center,1,40,66.17
2365,4,3,Suburb,1,8,99.65
1119,3,3,Downtown,1,34,55.41
2133,4,3,Industrial Area,1,27,54.07
2154,3,3,Industrial Area,1,36,49.91
2542,4,4,Suburb,1,8,113.73
3732,3,3,Rural,0,1,116.72
2075,3,2,Suburb,0,2,85.32
1444,3,3,City Center,1,4,105.43
1782,3,3,Rural,0,9,47.5
562,2,1,City Center,0,27,29.77
1314,1,1,Industrial Area,1,14,47.34
1514,1,1,Downtown,1,13,67.87
1433,4,4,City Center,1,22,84.78
1907,2,1,Industrial Area,1,12,64.8
1224,2,1,Suburb,1,15,62.07
2585,3,2,City Center,1,29,117.9
1800,2,2,Industrial Area,1,39,39.98
1793,3,3,Downtown,0,7,103.4
1570,2,1,City Center,0,16,85.27
1909,5,5,Industrial Area,1,29,62.23
2378,4,4,City Center,0,16,131.36
1193,4,3,Downtown,0,34,50.15
1339,3,3,City Center,0,0,112.23
1587,4,4,City Center,1,23,97.47
858,2,2,Industrial Area,1,24,28.81
1227,1,1,Rural,1,1,37.46
1467,1,1,City Center,0,24,47.0
2412,3,2,Rural,1,13,59.17
1984,3,3,Suburb,0,38,45.3
1936,3,2,City Center,1,32,85.45
2396,1,1,Rural,1,16,59.6
1704,3,2,Suburb,1,30,45.58
2073,3,3,Industrial Area,1,9,69.77
1728,3,2,City Center,1,5,114.2
1986,3,3,Industrial Area,1,38,55.11
1392,2,2,Suburb,1,24,41.64
400,4,3,Industrial Area,1,37,25.17
1706,3,3,Industrial Area,1,36,39.29
2796,2,1,Downtown,1,29,91.22
2448,2,2,Suburb,1,33,55.32
2476,3,2,Industrial Area,1,17,78.07
2665,4,4,Rural,0,23,63.85
1862,3,2,Suburb,1,26,58.63
1938,2,2,Downtown,1,26,82.08
1368,4,4,City Center,1,38,71.21
1579,3,3,Industrial Area,0,20,45.57
2231,3,3,Rural,1,18,63.81
2643,3,3,Downtown,1,38,88.65
1702,2,2,Suburb,1,22,56.45
1485,3,3,Industrial Area,1,38,41.16
1800,2,2,Downtown,1,14,85.25
2221,5,5,Downtown,1,1,149.41
789,3,2,Rural,0,34,15.6
400,3,2,City Center,1,19,53.47
1415,3,2,City Center,0,27,62.78
946,4,3,City Center,1,14,72.91
1444,4,4,Suburb,1,15,63.65
1697,3,3,Downtown,1,32,68.54
1483,3,3,Suburb,1,11,62.21
2817,3,2,Downtown,1,38,80.85
2029,3,2,Rural,1,38,44.14
2010,2,2,Rural,1,19,54.77
2236,3,3,Suburb,1,28,60.99
1003,2,2,Suburb,1,2,57.74
2527,4,4,Rural,0,4,84.63
1747,2,2,Industrial Area,1,1,74.32
2269,5,5,City Center,1,22,135.59
1050,3,2,City Center,0,25,46.1
712,3,3,Rural,1,25,32.75
2373,3,2,City Center,1,6,149.62
2063,2,1,Industrial Area,1,9,67.9
1169,2,1,Industrial Area,1,4,50.75
1191,1,1,Downtown,1,11,60.66
2588,3,2,Suburb,1,31,76.64
967,3,2,City Center,1,30,55.53
2950,4,3,Industrial Area,1,21,72.96
1170,2,2,Suburb,1,16,48.0
2247,2,1,Suburb,1,19,70.95
1570,3,2,Downtown,1,19,82.18
2222,4,3,Suburb,0,7,101.42
1419,3,2,Suburb,0,33,39.8
1686,3,3,Rural,1,22,40.61
1829,3,3,Downtown,0,37,62.66
1098,1,1,Downtown,1,27,38.82
2319,5,5,City Center,1,12,146.22
1441,3,2,Suburb,0,28,60.04
1640,2,2,City Center,0,7,88.65
1104,3,3,Industrial Area,1,10,40.37
400,2,2,Suburb,1,17,31.04
1666,5,5,Industrial Area,1,24,65.64
3489,2,1,Rural,1,21,82.25
2349,3,2,Suburb,0,34,63.88
1787,2,2,City Center,0,28,72.77
1616,3,3,City Center,1,20,91.24
1816,4,4,Suburb,1,6,96.37
2183,3,3,City Center,1,11,136.41
973,3,3,Suburb,1,35,28.14
2580,4,3,Downtown,1,23,108.32
2301,1,1,City Center,0,31,80.19
2303,2,2,Suburb,0,26,65.6
2107,2,2,Suburb,1,31,46.9
1814,5,4,City Center,0,31,83.74
2271,2,1,Downtown,0,31,73.6
2214,3,2,City Center,1,25,100.19
1552,3,3,Suburb,1,10,69.15
1398,2,1,Downtown,1,17,80.41
1871,2,2,Industrial Area,0,38,36.91
2884,2,2,Rural,1,4,86.9
933,3,3,City Center,1,15,71.35
773,2,2,Suburb,0,10,37.99
1915,1,1,Downtown,0,34,55.2
1836,4,3,Downtown,1,10,95.32
1921,5,5,Industrial Area,1,22,62.93
1971,2,1,City Center,1,33,70.66
1644,2,1,Downtown,0,16,75.35
2843,1,1,Industrial Area,1,9,81.27
679,3,3,Suburb,1,17,36.16
1220,4,4,Industrial Area,1,7,66.7
1728,2,2,City Center,1,25,87.17
650,2,1,Industrial Area,0,2,19.62
1677,4,4,Downtown,1,23,87.24
2963,3,3,Downtown,0,2,138.55
1815,1,1,Rural,0,37,27.3
1961,3,3,Industrial Area,1,1,91.56
918,2,1,Suburb,1,34,29.38
1369,2,1,City Center,0,16,59.35
1537,4,3,Rural,1,8,50.57
1578,4,3,Industrial Area,0,35,34.86
2697,3,3,Suburb,1,21,85.35
2190,5,5,Rural,1,30,46.28
1022,3,3,Downtown,0,33,46.99
1973,4,4,City Center,0,23,104.41
2149,3,3,Industrial Area,1,8,76.22
2598,4,3,Suburb,0,1,126.53
2906,4,4,Downtown,0,20,123.61
1089,1,1,Rural,1,33,30.1
1232,5,5,City Center,1,26,76.22
920,4,4,Rural,1,36,31.08
1636,4,4,Rural,0,6,63.84
2126,2,2,Suburb,1,21,64.88
2491,4,4,Downtown,1,3,150.29
1747,4,4,Industrial Area,0,13,60.93
1576,2,2,Suburb,1,33,42.8
1906,5,5,City Center,0,22,107.04
1215,1,1,Rural,1,24,20.83
3263,2,1,City Center,1,0,185.26
675,3,2,Suburb,1,14,43.82
1929,3,3,Suburb,0,31,53.3
3217,3,2,Industrial Area,0,13,94.46
1805,1,1,Rural,1,40,25.4
1667,5,4,Suburb,1,20,66.58
1550,1,1,City Center,0,6,77.08
1674,2,2,Industrial Area,0,35,39.94
2761,1,1,City Center,0,20,108.82
400,3,3,Rural,1,39,15.1
2873,5,4,Industrial Area,0,11,100.79
803,3,2,Industrial Area,1,14,32.09
1613,4,4,Industrial Area,0,14,53.76
1500,1,1,Downtown,1,16,63.88
2212,3,3,Industrial Area,0,33,45.61
681,3,3,City Center,1,34,36.63
2124,3,3,City Center,0,38,80.06
3217,1,1,Rural,0,37,62.34
846,3,3,Suburb,1,13,39.03
1933,3,3,Suburb,1,4,86.82
1337,4,3,Downtown,1,29,66.87
2098,3,3,Industrial Area,1,3,71.78
1813,2,1,Downtown,1,14,82.92
1351,3,2,Rural,0,38,26.7
2142,2,2,Rural,1,34,44.81
3063,4,3,Suburb,1,9,117.14
1666,3,3,Rural,0,1,56.53
2304,2,1,Industrial Area,1,23,64.95
895,5,5,City Center,1,27,74.65
1130,3,3,Rural,1,21,42.46
2131,1,1,Downtown,0,31,53.65
2839,3,3,Industrial Area,0,30,61.28
2049,2,2,Rural,1,18,62.77
1581,4,4,Rural,1,20,51.54
1800,4,4,Industrial Area,0,2,76.19
925,5,5,Rural,1,5,53.73
2223,3,3,City Center,1,31,102.34
2418,3,3,Suburb,1,1,104.32
1484,4,4,Industrial Area,1,23,57.78
1471,2,2,Downtown,1,26,63.88
1986,3,2,Rural,0,8,51.87
1494,3,3,Suburb,1,12,65.9
1754,1,1,Downtown,1,13,73.19
3270,3,3,Downtown,0,10,143.4
1627,4,3,City Center,1,13,113.6
1549,4,4,Suburb,1,15,65.49
1347,1,1,Industrial Area,1,9,49.13
2321,1,1,Suburb,1,19,65.17
1673,2,2,Suburb,1,15,71.46
1345,4,4,Downtown,1,33,61.11
2725,2,2,City Center,0,15,127.72
2794,3,2,City Center,1,13,140.81
1380,2,2,Suburb,1,27,32.54
493,3,3,Suburb,0,17,21.99
2505,2,1,Rural,1,25,43.02
1321,4,4,Downtown,1,37,59.52
2353,2,1,Industrial Area,1,6,76.91
421,3,3,Industrial Area,0,33,23.12
2425,2,1,City Center,1,6,127.61
952,3,3,Downtown,0,32,31.02
2312,4,3,City Center,1,34,101.93
1810,2,1,Industrial Area,1,38,43.03
1132,4,4,Suburb,1,20,59.08
1515,3,3,Downtown,1,27,76.0
2280,2,2,Downtown,0,31,73.96
1874,3,2,Rural,1,15,57.0
2209,2,2,Suburb,1,9,80.72
3184,3,3,Suburb,1,22,93.57
705,4,4,City Center,1,14,62.37
2932,2,2,Downtown,0,5,133.58
1873,3,3,City Center,0,32,92.14
1171,4,3,Suburb,0,38,28.11
869,5,5,Rural,1,11,43.2
1668,3,2,Downtown,0,35,57.74
2445,5,5,Suburb,0,30,92.16
1711,3,3,Rural,1,9,52.4
2858,2,2,Industrial Area,0,33,54.1
784,4,4,Suburb,1,40,38.73
1792,3,2,Industrial Area,1,9,69.39
923,3,2,City Center,1,10,67.16
2055,3,3,Industrial Area,1,13,65.84
2421,4,4,Suburb,1,2,117.95
1505,4,4,Industrial Area,0,32,41.51
400,3,2,Downtown,0,6,42.19
1939,2,1,Suburb,0,3,73.94
2106,3,2,Rural,0,38,40.34
2083,3,3,Industrial Area,1,9,78.32
2665,2,2,Downtown,1,14,106.56
1050,4,4,City Center,1,15,81.6
2276,3,3,City Center,0,37,81.51
2635,2,2,Industrial Area,1,3,95.37
555,2,2,City Center,0,3,45.38
2024,2,2,Rural,1,35,28.27
1447,5,4,Suburb,0,26,65.87
1743,2,1,Downtown,0,21,73.57
2043,2,2,Industrial Area,1,21,58.11
1459,3,3,City Center,1,16,87.13
1327,2,2,Suburb,0,33,40.05
1824,1,1,Rural,0,31,30.36
1039,2,1,City Center,1,5,76.11
1040,3,2,City Center,1,32,64.17
2276,3,2,Downtown,0,7,111.25
996,2,2,Rural,1,35,28.75
2266,3,3,Rural,0,4,68.43
2124,5,5,Industrial Area,1,4,100.81
592,2,2,Downtown,1,9,45.42
1326,2,1,Industrial Area,1,39,38.11
2636,2,2,Downtown,1,6,129.07
1113,3,3,Rural,1,11,38.44
1475,4,4,Downtown,1,29,70.35
2123,2,1,Downtown,1,24,80.3
2348,3,3,Downtown,1,27,95.08
1624,1,1,Suburb,1,12,55.97
1382,3,3,Suburb,0,21,53.88
2796,4,4,Rural,1,17,80.84
3017,2,2,Downtown,1,26,105.68
2485,3,2,Rural,1,7,78.2
1860,2,2,Suburb,1,5,74.97
1234,3,2,Downtown,0,10,82.08
1219,1,1,Industrial Area,1,28,32.58
2166,4,4,Suburb,0,40,61.03
2093,2,1,Suburb,1,4,82.77
2781,4,4,Suburb,1,6,116.49
2255,2,2,Downtown,0,21,93.03
748,3,2,City Center,1,3,72.02
2536,2,2,Industrial Area,1,31,41.49
1101,4,3,Industrial Area,0,18,55.46
1531,2,2,Rural,1,32,38.43
1975,2,2,Downtown,1,0,110.03
3197,3,3,Suburb,1,40,78.6
3977,1,1,City Center,0,40,113.71
2225,2,2,Downtown,1,7,115.75
1672,5,4,Downtown,1,31,73.63
2174,5,4,City Center,1,29,107.1
2421,2,2,Suburb,1,27,71.0
1576,4,4,Downtown,1,40,70.82
3057,3,3,Industrial Area,1,31,71.45
1961,2,2,Industrial Area,1,24,55.61
2148,3,3,City Center,1,33,81.73
2266,3,2,Suburb,0,32,59.92
2095,5,4,City Center,1,12,142.0
2387,2,1,Downtown,1,24,85.66
1368,3,2,Industrial Area,1,39,31.47
1409,1,1,Rural,1,38,19.56
1030,2,2,City Center,1,9,62.73
2108,1,1,Rural,0,30,33.21
2345,5,4,Rural,0,10,80.49
2120,4,4,Industrial Area,0,24,61.22
2972,4,3,City Center,1,33,110.01
1796,3,3,Rural,0,19,62.47
2268,2,1,Downtown,1,6,108.01
1036,2,1,Suburb,1,32,36.19
1529,2,1,Suburb,1,34,42.98
2287,2,2,Industrial Area,1,28,57.18
2394,4,3,City Center,1,11,130.42
1594,3,3,City Center,0,4,112.59
1750,1,1,Suburb,1,11,64.35
737,1,1,Downtown,0,28,33.38
1550,2,2,Suburb,0,34,46.99
2423,3,2,Suburb,0,19,88.94
2203,5,5,City Center,0,36,86.02
2150,3,3,Rural,0,0,68.73
1835,4,3,Downtown,0,15,91.4
1805,3,3,City Center,0,29,73.3
1338,2,2,Suburb,1,8,67.56
2289,2,1,Rural,1,9,58.38
2095,4,4,Downtown,1,12,115.64
2144,4,3,Industrial Area,0,19,56.64
1432,2,2,Downtown,1,28,63.4
400,3,3,Downtown,1,3,51.68
2568,3,3,Suburb,0,27,79.6
1465,3,3,Suburb,1,36,48.57
1196,5,5,Industrial Area,1,12,52.38
2285,3,3,Industrial Area,1,2,89.49
1526,3,3,Industrial Area,1,36,32.48
2542,1,1,City Center,1,18,111.21
2232,1,1,City Center,1,27,81.58
2278,2,2,Suburb,0,18,83.36
844,1,1,Suburb,0,16,45.26
2648,3,2,Industrial Area,1,17,76.79
1983,3,2,City Center,0,17,99.64
1542,2,1,Rural,0,22,22.41
1900,4,4,City Center,0,39,65.04
557,2,1,Suburb,1,8,35.37
2086,2,1,City Center,0,28,78.24
1079,2,1,Suburb,0,28,34.97
853,2,2,Industrial Area,1,1,37.27
734,2,1,Industrial Area,1,16,31.26
2579,3,2,Industrial Area,0,30,43.59
1360,3,2,Rural,1,27,33.13
2874,5,5,Rural,1,38,61.97
1425,1,1,Suburb,1,29,49.95
605,2,2,Downtown,0,34,26.76
1018,1,1,Rural,1,19,31.38
2665,3,2,Suburb,1,15,90.5
1691,1,1,City Center,0,33,58.48
1416,4,4,Industrial Area,1,13,58.04
1912,3,3,Industrial Area,0,25,64.45
2151,3,3,Industrial Area,1,19,64.96
2582,3,3,Suburb,0,23,78.9
2814,2,1,Industrial Area,1,17,81.33
1548,2,2,Rural,0,8,49.69
872,2,2,City Center,1,18,54.14
1511,3,3,Industrial Area,1,19,55.16
1982,2,2,Suburb,0,29,47.36
1125,2,2,City Center,1,25,60.16
1130,5,4,Industrial Area,0,30,44.0
2041,1,1,Downtown,0,34,55.66
1766,4,3,Industrial Area,1,2,75.53
1823,4,3,Rural,0,39,33.77
1269,2,2,City Center,1,28,51.75
1639,2,1,Rural,0,5,50.96
1153,2,1,Downtown,0,0,63.16
2423,3,2,Downtown,1,23,103.07
2525,3,3,Rural,1,37,47.08
508,4,3,City Center,0,33,42.88
1149,5,4,Downtown,1,6,85.27
752,3,2,Downtown,0,10,44.88
1345,2,2,Industrial Area,1,10,44.88
1742,2,1,Suburb,0,35,48.44
785,4,3,Downtown,0,19,56.74
1155,2,1,City Center,1,15,64.79
1097,1,1,City Center,0,4,57.97
1945,3,2,Industrial Area,0,23,56.84
1849,3,3,City Center,1,29,81.23
1295,4,4,Industrial Area,1,29,49.27
1924,3,3,Downtown,1,38,64.85
1417,1,1,Downtown,1,36,52.11
1610,5,5,Downtown,1,32,72.52
2971,2,2,Downtown,1,19,119.16
2738,2,1,Suburb,1,21,76.65
890,3,2,Suburb,0,40,37.48
2381,1,1,Downtown,1,20,91.12
2368,3,2,City Center,0,36,75.13
996,2,1,Industrial Area,0,26,21.75
2373,3,3,Rural,1,37,49.09
2877,2,2,Industrial Area,1,34,48.8
1014,4,4,Rural,0,37,26.71
1158,4,4,Rural,0,39,24.39
2512,2,2,Downtown,1,5,126.43
1990,2,1,Rural,1,31,41.14
2186,2,1,Downtown,1,15,95.67
2038,2,2,Suburb,0,27,55.34
2073,4,4,City Center,1,15,125.64
871,3,3,Rural,0,26,38.22
2533,2,2,City Center,1,2,155.59
2619,2,2,Downtown,1,20,104.48
1639,2,1,Rural,0,37,33.02
1770,3,2,Industrial Area,0,37,42.16
728,2,2,Suburb,1,29,27.37
2160,5,4,Suburb,1,21,85.12
2200,4,4,Rural,0,18,66.2
1756,2,1,Suburb,1,30,44.8
2587,3,3,Industrial Area,0,19,71.71
1566,4,4,City Center,1,18,98.91
2195,3,2,Industrial Area,0,1,78.18
1086,2,2,Suburb,1,39,29.77
1784,2,1,City Center,0,38,59.65
1678,4,4,Industrial Area,1,26,55.08
1958,3,3,Downtown,1,7,115.32
1541,3,3,Downtown,0,26,81.82
1708,4,4,City Center,1,14,108.68
2378,4,3,City Center,0,11,135.54
1494,4,4,City Center,1,13,107.89
675,1,1,Downtown,0,6,43.01
3025,3,2,Industrial Area,1,16,90.82
2767,3,2,City Center,1,25,112.14
895,4,4,Downtown,0,36,40.99
2283,3,2,City Center,0,19,108.06
1448,2,2,City Center,1,9,84.61
1984,4,4,City Center,1,18,106.96
2006,3,3,Downtown,1,17,93.69
1636,1,1,Industrial Area,0,29,30.32
1251,3,3,Downtown,1,29,53.39
1317,2,1,Downtown,1,24,72.01
1159,2,2,City Center,1,23,63.89
1218,1,1,Rural,1,9,37.43
1753,3,2,Rural,0,1,65.27
1299,3,3,Rural,0,37,39.29
2277,3,3,Downtown,0,31,83.17
2841,3,3,City Center,1,34,111.26
1394,4,3,Rural,0,36,29.53
1968,2,2,Suburb,1,6,75.41
2150,2,2,Suburb,1,6,91.98
2130,4,4,Suburb,1,26,79.86
1853,2,1,Industrial Area,1,9,66.03
2320,5,4,City Center,1,32,105.85
2138,4,3,Downtown,1,6,121.12
934,3,3,Downtown,0,5,63.6
2408,5,5,City Center,1,5,175.5
2421,1,1,Industrial Area,1,12,65.77
1266,2,2,City Center,1,12,78.81
1827,3,3,Industrial Area,1,1,71.81
2278,2,2,Rural,1,18,57.12
1653,4,4,Rural,1,18,48.65
2551,1,1,Industrial Area,1,37,46.66
3455,3,3,City Center,1,1,201.74
1250,3,2,Rural,1,25,25.88
833,3,3,City Center,0,5,73.24
2013,2,2,Rural,1,19,55.79
2305,2,2,City Center,1,22,103.85
1638,4,4,City Center,1,14,102.35
2817,2,2,Suburb,1,5,102.05
863,4,4,Industrial Area,0,27,49.04
2285,3,2,Downtown,1,34,62.29
1376,4,3,Industrial Area,1,10,53.67
3004,3,3,City Center,0,7,175.89
3195,2,1,City Center,1,23,144.27
1263,3,2,Industrial Area,0,20,51.18
1415,4,3,City Center,0,35,66.07
2402,3,2,Rural,1,6,71.43
1529,5,5,City Center,1,4,120.46
1768,3,3,Industrial Area,0,28,49.69
1818,2,2,Industrial Area,1,15,53.12
456,2,2,Industrial Area,1,5,37.97
1790,5,5,Suburb,0,13,72.87
1317,2,2,Suburb,0,1,60.48
1455,4,3,Suburb,1,24,64.3
2811,4,3,Suburb,1,30,88.03
920,2,1,Suburb,0,12,42.25
2369,1,1,Suburb,0,17,71.67
1605,3,2,Suburb,1,16,65.13
1604,2,2,Industrial Area,0,27,45.8
2353,4,4,Downtown,1,11,131.29
2038,3,3,Suburb,1,34,59.87
2199,3,2,Industrial Area,0,21,60.71
2478,4,4,Downtown,1,38,82.55
1568,2,1,Suburb,1,0,62.44
1371,3,3,Downtown,1,36,47.66
1040,2,2,Downtown,1,20,52.37
1222,2,1,Rural,1,0,44.16
3864,3,3,City Center,1,3,212.75
2671,4,4,Rural,1,31,54.27
854,2,2,Downtown,1,0,61.71
874,3,3,Industrial Area,1,12,48.14
2137,3,2,Suburb,0,16,61.84
2183,2,2,City Center,0,11,104.85
2184,2,2,Suburb,0,6,83.68
1622,5,5,Industrial Area,1,2,90.64
1712,3,2,City Center,1,25,96.21
2030,3,3,Rural,1,30,45.29
1860,3,2,Downtown,0,35,59.73
400,1,1,Industrial Area,1,25,15.11
1639,3,3,Downtown,0,2,100.11
1204,3,2,Downtown,1,27,57.25
1923,3,2,Suburb,1,16,73.69
3890,2,2,Industrial Area,1,37,64.28
2057,1,1,Downtown,1,29,58.97
1581,2,1,Rural,1,1,57.72
2445,5,4,City Center,1,7,160.62
2138,3,3,Industrial Area,1,13,77.86
2094,3,3,Suburb,0,36,54.73
2225,1,1,Industrial Area,1,34,36.0
3240,1,1,Suburb,1,38,76.41
1008,3,2,City Center,1,10,75.11
2132,3,3,Rural,1,14,59.23
1152,3,2,Downtown,1,1,78.64
2189,2,2,Industrial Area,1,36,38.76
1157,3,3,Suburb,1,31,44.54
1508,2,1,City Center,1,39,53.17
1593,2,1,Downtown,1,12,90.66
2483,3,3,City Center,1,16,132.75
2443,2,2,Rural,1,14,77.09
928,2,1,Downtown,1,32,33.06
1838,3,3,Downtown,1,15,93.57
1303,3,2,Downtown,0,12,76.06
919,4,3,Suburb,1,21,51.76
1648,3,3,Downtown,1,22,79.63
1584,1,1,City Center,1,35,48.51
3499,2,1,Suburb,1,9,107.72
2103,5,4,Downtown,1,16,115.17
836,3,2,City Center,0,29,44.17
1405,3,2,City Center,1,12,89.95
2515,1,1,Industrial Area,1,29,45.89
3262,3,3,City Center,1,29,123.71
690,1,1,Rural,0,6,24.31
484,3,3,Downtown,1,9,55.28
3110,4,4,Downtown,0,34,104.72
2073,5,4,Downtown,1,1,139.08
1192,3,2,City Center,1,29,54.14
2174,3,3,City Center,1,18,119.88
400,5,4,Downtown,0,38,39.48
1802,3,2,Suburb,0,36,42.58
2029,1,1,Suburb,1,2,84.35
2447,3,2,Rural,1,24,58.14
1090,2,2,Industrial Area,1,33,25.74
1860,3,3,Rural,0,21,54.64
1152,3,3,Downtown,0,37,45.16
1979,3,3,Downtown,1,13,100.92
1173,2,2,Downtown,0,38,31.31
1514,2,1,Industrial Area,0,1,46.61
1103,3,2,City Center,1,31,61.41
2256,4,4,Industrial Area,0,2,92.48
2401,3,2,Rural,0,40,35.37
1636,2,2,City Center,0,7,85.41
1827,5,5,City Center,1,25,118.63
786,4,3,Rural,1,31,31.5
1590,2,2,City Center,1,10,100.82
1765,1,1,Suburb,0,0,76.13
3635,3,2,Rural,1,14,88.16
1022,4,4,Rural,0,3,58.81
2825,5,4,Suburb,1,3,125.02
2498,4,4,Industrial Area,1,27,74.3
1996,3,3,Industrial Area,1,9,72.66
3031,3,3,Industrial Area,1,10,102.94
2060,1,1,City Center,1,22,85.31
2072,2,2,Suburb,0,2,86.61
1763,3,3,Rural,1,38,45.09
2656,3,2,Rural,1,38,54.89
2568,3,2,Rural,1,16,68.58
1362,3,3,City Center,0,21,68.42
877,2,2,City Center,1,26,47.82
1658,3,3,Industrial Area,1,15,62.12
1240,1,1,City Center,1,15,68.09
1756,3,2,Industrial Area,0,39,43.89
2666,4,4,Industrial Area,1,2,101.3
1480,3,2,Rural,1,32,29.82
1770,5,5,City Center,1,1,140.81
1841,2,2,Industrial Area,1,38,37.88
2394,3,3,Suburb,1,26,76.49
400,2,2,Suburb,1,14,30.87
1375,3,3,City Center,1,6,91.04
1948,4,4,Rural,1,8,64.67
2640,3,2,Rural,1,40,43.74
1456,4,4,Industrial Area,0,5,75.34
486,2,2,City Center,1,11,44.0
2234,4,4,Suburb,1,29,64.04
1355,1,1,Industrial Area,1,19,41.1
967,4,4,Industrial Area,0,19,41.69
1363,2,2,Downtown,0,26,47.39
1671,2,2,City Center,1,19,82.24
1377,3,3,Industrial Area,0,6,53.55
400,5,5,Suburb,1,39,31.2
2428,1,1,Downtown,1,39,72.55
2692,2,1,Suburb,1,29,73.98
2256,4,3,Rural,1,7,77.1
1004,2,2,Downtown,1,1,75.44
1659,2,2,Downtown,1,13,80.82
1795,3,3,Industrial Area,0,9,59.83
2219,2,2,Rural,1,17,59.81
2268,4,4,Industrial Area,1,17,78.46
1286,4,4,City Center,0,15,78.66
1857,3,3,Suburb,1,4,95.85
2120,5,4,Suburb,0,30,62.66
2819,3,3,Industrial Area,0,36,60.79
2293,1,1,Suburb,0,19,68.87
2352,2,2,Suburb,0,22,51.24
1859,3,2,City Center,1,31,80.48
2787,2,1,Rural,1,16,78.46
2087,5,5,Downtown,0,12,116.25
1197,4,3,Industrial Area,1,12,42.77
2782,2,2,Industrial Area,0,16,74.94
2289,3,2,City Center,1,14,124.79
1490,3,2,City Center,0,25,70.02
1464,5,5,Downtown,0,27,71.27
2008,4,3,Rural,1,29,44.03
2124,3,3,Industrial Area,0,34,38.47
1938,4,4,City Center,1,21,97.6
2018,3,3,Industrial Area,1,9,71.86
2990,3,2,Suburb,0,10,108.97
2550,2,2,Industrial Area,1,37,51.8
1933,2,2,Rural,1,32,41.84
2459,3,2,Rural,0,5,77.63
1077,2,2,Industrial Area,0,36,33.14
2079,1,1,Suburb,0,6,72.3
3067,3,3,Rural,1,11,89.32
1647,1,1,City Center,1,6,92.87
1207,3,3,Industrial Area,0,1,55.24
1344,3,3,Suburb,1,0,74.15
1037,5,4,City Center,0,22,75.33
1251,3,2,Industrial Area,0,24,47.52
1541,1,1,Suburb,0,17,56.08
816,3,3,City Center,1,6,64.39
1811,4,4,Rural,0,2,69.98
2432,5,4,Industrial Area,1,28,70.15
1165,3,3,Industrial Area,1,9,59.57
2863,2,2,Rural,0,4,80.98
2158,4,3,Downtown,0,33,79.83
2521,2,2,City Center,1,7,134.42
1340,3,3,Rural,1,13,52.4
2398,3,2,Industrial Area,1,39,42.65
1036,1,1,City Center,1,5,62.54
2423,2,2,City Center,0,0,132.48
1920,2,1,Downtown,0,32,59.27
2187,3,3,Industrial Area,0,39,42.49
977,5,4,Suburb,1,10,70.41
1173,2,2,Downtown,0,23,50.04
2218,4,3,Downtown,0,9,126.93
1136,1,1,Suburb,1,22,36.31
2124,3,2,Suburb,0,15,68.81
843,1,1,Downtown,1,36,28.81
2394,5,5,City Center,0,15,143.21
937,4,4,Rural,1,30,43.39
2187,3,3,Rural,0,5,65.68
2238,4,3,Downtown,1,29,101.15
1312,3,2,City Center,0,36,51.24
2207,5,5,Suburb,1,0,116.11
1982,3,2,Downtown,0,24,84.36
1423,4,3,Industrial Area,1,20,61.57
1094,3,2,City Center,0,34,51.75
426,2,1,Industrial Area,1,37,8.0
2045,3,3,Industrial Area,1,4,81.63
705,2,2,Downtown,1,11,62.92
1867,3,3,City Center,1,4,110.92
1616,3,3,Industrial Area,0,8,62.62
2275,3,2,City Center,0,8,123.45
1589,1,1,Rural,1,34,24.39
1569,2,1,Industrial Area,0,0,62.19
2312,3,2,Industrial Area,0,9,64.62
2035,5,5,City Center,0,38,82.56
2021,2,2,Rural,0,35,42.97
2128,3,3,Industrial Area,1,36,54.19
725,3,3,Downtown,1,34,44.1
2330,3,3,City Center,1,16,124.73
2229,2,2,City Center,1,12,116.52
1088,3,3,Industrial Area,1,5,49.9
1629,2,2,Rural,1,36,26.95
1772,5,4,Industrial Area,1,31,59.25
1706,2,2,Suburb,1,10,70.19
2034,2,2,Industrial Area,1,16,66.93
2802,1,1,Suburb,1,4,97.44
2557,2,1,Downtown,0,5,114.24
881,4,4,City Center,0,9,80.84
2235,2,2,City Center,1,32,70.9
2730,1,1,Rural,1,29,36.91
2071,3,3,Industrial Area,1,20,70.22
2564,1,1,Downtown,1,16,98.89
3209,1,1,Suburb,1,26,84.37
2517,4,4,Rural,1,2,92.49
1975,4,4,Downtown,1,28,94.24
2532,4,3,Downtown,1,1,148.11
1901,4,4,Suburb,1,28,64.5
1817,3,3,Suburb,0,35,45.42
1554,1,1,City Center,1,33,60.11
2894,4,4,Industrial Area,1,36,69.23
1227,4,4,Rural,1,0,67.08
2873,4,3,Industrial Area,1,25,70.6
2150,3,2,Rural,0,0,84.04
820,2,2,Downtown,0,3,51.8
2057,4,4,Suburb,1,38,57.94
400,3,2,Suburb,1,13,34.04
2238,5,5,Downtown,0,17,111.79
2420,2,2,Downtown,1,33,76.98
1385,2,2,Rural,1,0,60.22
1886,2,1,Downtown,1,21,86.97
3168,4,3,Rural,1,15,88.73
1446,2,1,Industrial Area,0,21,45.49
1059,1,1,Suburb,1,15,42.41
2837,5,5,Suburb,1,27,94.26
3174,1,1,Suburb,1,27,76.44
1803,4,4,Industrial Area,1,21,57.23
2508,2,1,Industrial Area,0,5,73.5
2739,4,3,City Center,1,24,137.47
1280,3,3,Rural,1,1,59.35
1460,4,3,Rural,1,6,67.09
2662,4,4,City Center,0,16,142.0
2980,1,1,Suburb,1,34,61.76
2194,1,1,Rural,1,19,54.7
1184,2,2,Rural,1,1,53.37
3191,3,2,Suburb,1,6,127.21
1428,4,3,Downtown,0,31,53.73
1565,3,3,Downtown,0,18,67.97
2040,3,3,City Center,1,11,124.62
2888,2,2,Industrial Area,1,8,89.59
2398,4,4,Rural,1,26,63.37
2090,5,5,Rural,1,13,69.51
2124,2,2,City Center,1,1,131.13
1830,3,3,City Center,0,20,85.81
2191,1,1,Rural,0,3,61.34
400,3,3,Suburb,1,20,36.53
1592,3,3,Suburb,1,21,66.31
1969,2,2,Industrial Area,1,1,65.97
994,3,2,Rural,1,16,39.21
2070,2,2,Rural,1,18,50.56
1657,3,2,Rural,0,39,41.07
3029,3,2,Rural,1,23,76.07
2901,1,1,City Center,1,19,122.13
1474,4,3,Downtown,1,37,72.52
1694,3,2,Rural,0,11,46.82
1748,2,2,Downtown,1,24,72.65
1484,1,1,Suburb,1,22,49.61
1937,4,3,Industrial Area,0,33,60.58
1269,5,5,Suburb,1,31,63.58
1009,2,1,Rural,0,23,30.46
2236,2,2,Suburb,1,24,63.18
2241,2,1,City Center,1,2,124.6
1237,3,3,Downtown,1,24,68.65
2427,2,2,Rural,1,27,45.3
1358,2,2,City Center,0,11,78.03
1977,3,2,Downtown,1,25,87.76
2374,3,2,City Center,1,7,129.18
1776,2,2,Suburb,1,4,80.69
2118,3,2,Rural,1,10,70.34
1438,3,3,Suburb,1,34,43.52
1662,1,1,Industrial Area,0,26,36.64
1656,1,1,Rural,0,40,15.89
1277,4,4,Suburb,0,37,40.71
1676,1,1,Rural,1,18,32.32
716,3,3,Downtown,1,31,38.6
1456,4,3,Rural,1,27,40.09
1601,2,1,Rural,1,35,24.72
1621,2,2,Downtown,1,17,69.75
1631,3,3,Suburb,1,9,67.45
1757,4,4,Rural,0,31,50.64
2136,5,5,City Center,1,17,131.94
2412,3,3,Rural,0,11,76.82
1345,1,1,Suburb,1,7,50.99
958,3,2,Downtown,0,32,39.41
1071,3,2,Suburb,0,37,28.85
1459,3,3,Industrial Area,1,13,38.46
1554,1,1,Rural,0,1,48.27
1261,2,2,Rural,1,8,43.01
893,4,3,Downtown,1,4,78.16
1481,3,3,Rural,1,33,23.64
1927,2,2,City Center,1,18,95.87
2217,2,1,City Center,1,6,119.79
1410,4,4,Suburb,1,38,47.02
1511,3,3,Downtown,0,16,76.83
1151,2,2,Industrial Area,0,25,29.74
1778,2,2,Suburb,0,26,55.32
1206,2,2,Downtown,1,27,59.62
2201,4,4,Downtown,1,19,107.43
550,3,3,Suburb,0,5,30.89
1548,3,3,Suburb,1,7,65.8
2011,3,2,Rural,0,31,44.66
1929,2,2,Industrial Area,0,18,61.91
3685,4,4,City Center,1,31,133.17
2045,3,2,Rural,0,18,47.17
1097,2,1,Downtown,1,23,48.93
1733,2,1,Industrial Area,1,23,34.97
557,3,3,Industrial Area,1,16,32.38
1744,5,5,Suburb,1,17,84.34
1217,2,1,Industrial Area,1,11,46.58
2441,4,3,Industrial Area,1,40,52.11
1415,4,4,Downtown,0,22,72.66
1718,2,1,Rural,1,17,39.71
1355,1,1,Industrial Area,0,15,26.91
3017,2,1,Suburb,0,15,92.33
1575,3,2,Rural,1,35,37.2
3083,2,1,Suburb,1,22,89.48
2370,2,1,Industrial Area,0,21,65.79
2137,3,2,Rural,0,38,40.74
2058,3,3,Industrial Area,0,32,52.94
2076,2,2,Downtown,1,23,85.48
451,3,3,Rural,1,19,37.05
1605,3,3,Suburb,0,32,44.83
2392,3,2,Downtown,1,30,91.37
1766,4,4,City Center,1,39,76.98
816,2,2,Suburb,1,7,48.78
1763,4,4,Industrial Area,1,9,75.39
2993,3,2,Suburb,1,0,126.04
2673,3,3,City Center,1,20,131.13
1757,3,3,Suburb,1,24,65.61
2466,3,3,Downtown,0,31,89.78
1543,2,1,Suburb,1,9,70.95
607,3,3,Rural,1,8,35.1
1153,3,2,City Center,0,19,58.72
2894,3,3,Suburb,0,19,94.29
1608,2,2,City Center,0,39,52.16
1630,4,3,Downtown,1,6,102.6
1590,3,3,Rural,0,10,49.73
3133,1,1,Industrial Area,1,20,71.71
2938,3,3,Suburb,1,37,56.54
3353,4,4,Downtown,1,18,159.46
1689,4,4,City Center,1,14,108.2
2007,3,3,City Center,1,5,119.04
738,4,4,Downtown,0,9,65.64
2834,2,2,Suburb,1,15,99.0
983,3,2,Industrial Area,0,10,39.29
1952,4,3,Suburb,1,34,50.99
1032,4,4,Rural,1,7,41.35
1388,3,3,Suburb,1,27,64.74
1214,4,4,Rural,1,2,49.2
1374,1,1,City Center,0,1,66.5
1423,4,4,Rural,1,13,52.53
1416,2,2,Industrial Area,1,28,43.96
2383,2,2,Downtown,0,2,130.19
1027,2,2,Rural,1,0,41.01
1954,3,3,Suburb,1,14,77.29
2653,2,1,Rural,1,19,55.23
1441,2,2,City Center,1,21,80.71
1297,2,1,Rural,0,33,25.43
1639,2,1,Industrial Area,1,32,38.28
2626,3,3,Rural,1,8,83.26
1936,3,3,Industrial Area,0,2,75.99
1428,2,2,Suburb,1,1,67.31
2139,3,3,City Center,0,3,139.44
1028,4,4,Downtown,1,15,65.54
2277,4,3,Suburb,0,32,65.86
2086,2,2,Suburb,1,8,84.79
1585,3,3,Downtown,1,39,55.6
1213,2,1,Rural,1,37,28.53
1179,2,1,Rural,0,17,35.65
2174,2,2,Rural,1,15,65.42
2660,4,3,City Center,1,7,160.25
1354,2,2,Suburb,0,22,43.77
2121,1,1,Industrial Area,1,35,45.19
400,2,2,Downtown,1,2,42.03
1391,4,4,Suburb,1,14,60.33
1778,3,2,Rural,0,37,39.16
1163,2,2,Downtown,0,32,32.42
1144,3,3,Industrial Area,0,17,44.76
1333,3,3,Suburb,1,22,69.45
2005,3,3,Suburb,0,2,92.01
1669,2,2,City Center,1,29,67.63
400,4,4,Suburb,1,16,37.85
400,2,1,Suburb,0,31,18.58
1375,3,3,Industrial Area,1,6,59.59
2120,1,1,Industrial Area,1,38,44.31
400,2,2,Downtown,0,13,40.38
1450,2,2,Rural,1,14,52.08
1432,3,3,Industrial Area,1,11,50.35
2772,1,1,Downtown,1,7,125.24
1530,4,3,Suburb,1,15,72.66
2068,2,2,Downtown,1,40,73.09
1899,3,3,Downtown,1,33,74.13
400,4,3,Downtown,1,23,39.69
2338,3,3,Downtown,1,28,94.33
1951,3,3,Industrial Area,1,15,77.29
2156,3,3,Rural,0,4,68.17
4548,2,1,Downtown,1,4,204.68
400,4,4,City Center,1,29,46.55
3007,2,1,Suburb,0,4,104.28
1599,3,2,Suburb,0,12,68.48
2001,3,3,Suburb,1,34,53.03
1768,2,1,Suburb,0,24,59.02
1503,2,1,Suburb,1,13,60.66
1401,3,3,Downtown,0,25,67.81
2031,4,4,Rural,0,17,64.63
738,4,4,City Center,0,19,67.2
2325,3,3,Industrial Area,1,33,53.54
1509,3,3,City Center,0,6,92.67
1009,4,4,Industrial Area,1,9,51.16
1485,1,1,Industrial Area,1,14,50.5
2680,2,1,City Center,1,16,113.95
1425,3,3,Downtown,1,10,74.85
2051,4,4,Suburb,1,33,65.17
1288,4,4,Downtown,1,26,75.85
2331,3,3,Suburb,1,20,87.35
2280,1,1,Rural,1,30,38.05
3094,3,3,Industrial Area,1,3,102.68
1677,2,2,City Center,1,40,56.66
2268,2,1,Rural,0,16,52.31
1869,4,3,Suburb,1,19,72.41
2707,1,1,Downtown,0,24,91.2
1297,4,3,City Center,0,39,64.95
2322,3,2,Industrial Area,1,22,65.08
1664,3,3,Rural,1,14,59.37
1755,1,1,Industrial Area,1,32,41.99
1864,2,1,Suburb,1,18,58.84
1977,1,1,Industrial Area,1,14,60.59
1719,5,5,Downtown,0,40,72.13
1950,4,4,Rural,1,4,74.18
2905,3,3,Rural,1,15,80.06
2490,2,1,Downtown,1,31,81.62
2408,5,5,Industrial Area,1,21,73.93
1481,2,1,Downtown,1,31,68.79
1178,2,1,City Center,0,12,70.14
2469,3,2,Downtown,0,37,77.1
2413,5,4,Industrial Area,1,25,71.1
2831,1,1,Downtown,1,16,111.9
1377,2,2,Suburb,1,4,57.01
1639,5,4,Downtown,0,32,75.13
652,2,2,Downtown,0,26,35.33
1525,2,2,Industrial Area,1,4,57.71
2498,3,2,City Center,0,36,84.9
1473,4,3,City Center,0,6,101.41
2248,3,3,Industrial Area,0,17,64.69
1667,5,4,Industrial Area,0,30,45.94
2027,3,2,Industrial Area,1,5,69.48
997,1,1,Suburb,1,1,41.85
1860,5,5,Rural,0,12,62.69
400,3,2,Downtown,0,10,44.91
1669,2,2,Industrial Area,1,25,42.54
659,3,3,Industrial Area,0,20,17.61
2644,2,2,Industrial Area,1,1,94.77
2344,1,1,City Center,1,39,75.94
2127,1,1,Industrial Area,1,19,61.79
2865,3,3,Downtown,1,16,131.0
1136,4,4,Industrial Area,1,15,45.82
3023,3,2,Downtown,1,4,151.02
2453,5,5,Suburb,0,13,106.4
1634,2,2,Rural,0,23,47.73
2595,2,1,City Center,0,3,130.57
1026,2,2,Downtown,1,23,52.91
1223,2,1,Suburb,0,8,45.21
1374,2,1,Rural,0,2,38.76
1430,4,3,Rural,1,8,56.45
1060,4,4,Rural,1,17,43.09
2656,5,4,Downtown,0,35,81.41
1619,2,1,Suburb,1,18,57.85
2047,4,3,Industrial Area,0,23,62.24
1401,2,2,Suburb,1,3,70.11
526,2,1,Suburb,0,8,23.93
1989,4,4,Suburb,1,32,54.28
461,3,3,Downtown,0,0,47.76
1752,2,2,Downtown,1,34,65.03
842,3,2,Downtown,0,9,55.47
3191,2,2,Suburb,0,11,111.83
2438,3,3,Downtown,0,17,100.21
1874,3,2,Rural,0,13,58.53
2685,5,5,Downtown,1,9,156.14
1208,1,1,City Center,1,9,66.32
2180,2,2,Downtown,1,17,102.88
1940,3,3,Downtown,1,23,89.0
1985,3,2,Downtown,1,0,112.92
2691,2,1,Downtown,1,29,96.65
2313,3,3,City Center,0,14,119.0
2002,4,3,Industrial Area,1,7,79.42
642,5,5,Downtown,0,34,41.21
1128,4,4,Rural,1,17,44.96
1714,4,4,City Center,1,40,68.45
1865,3,3,Industrial Area,1,15,63.31
1009,4,4,Downtown,1,20,69.22
3488,2,2,Industrial Area,1,14,102.19
2861,2,2,Rural,1,4,76.52
2221,2,2,City Center,1,6,132.79
1850,3,3,City Center,1,6,126.89
1651,2,2,Industrial Area,1,26,43.96
1134,5,4,Downtown,1,24,73.62
1854,2,1,Suburb,1,21,61.79
1980,1,1,City Center,1,12,97.9
931,3,2,Suburb,1,16,49.68
2034,1,1,City Center,1,40,61.69
1691,2,2,Downtown,1,12,81.08
